Kids_First_Biospecimen_ID	Kids_First_Participant_ID	sample_id	parent_aliquot_id	ATRX_fpkm	TERT_fpkm	DAXX_fpkm	FusionName
BS_W36RZSFA	PT_7TRGHZBK	7316-431	7316-431-T-312975.RNA-Seq	41.22	0.05	13.74	NA
BS_DBEX7AG2	PT_38FS37DP	7316-2686	7316-2686-T-485666.RNA-Seq	45.01	2.43	72.07	NA
BS_40MP5BWR	PT_JSFBMK5V	7316-1769	7316-1769-T-366002.RNA-Seq	50.46	0	18.38	NA
BS_YNEQJ6AH	PT_NS1F6DT8	7316-3048	7316-3048-T-548257.RNA-Seq	61.81	0	14.5	NA
BS_398KYV92	PT_976P4557	7316-214	7316-214-T-225288.RNA-Seq	29.33	0.08	8.91	NA
BS_196BBNEJ	PT_BNARR0N6	7316-1954	7316-1954-T-389384.RNA-Seq	29.41	0.02	17.75	NA
BS_685DACMS	PT_7PXN3B4J	7316-784	7316-784-T-342424.RNA-Seq	14.12	0.77	53.81	NA
BS_BKQZ550R	PT_41WETNRC	7316-3065	7316-3065-T-548496.RNA-Seq	35.49	0.01	15.63	NA
BS_Z7PKVY9J	PT_M0AP3Z15	7316-14	7316-14-T-8711.RNA-Seq	49.28	0.05	10.87	NA
BS_QB7YGKN1	PT_9P7P6YAQ	7316-3052	7316-3052-T-548313.RNA-Seq	59.7	0.01	16.18	NA
BS_53CTGDQG	PT_3D74J8RZ	7316-1792	7316-1792-T-366391.RNA-Seq	31.57	0	7.55	NA
BS_QEYPFYHD	PT_M0AP3Z15	7316-14	7316-14-T-8725.RNA-Seq	44.09	0.31	10.28	NA
BS_KR4MP5ET	PT_AQWDQW27	7316-1476	7316-1476-T-358061.RNA-Seq	23.22	0	10.6	NA
BS_F6Z5HFWH	PT_JN3S17B3	7316-1693	7316-1693-T-362472.RNA-Seq	48.5	0	9.16	NA
BS_ARFQ1WG3	PT_8GW4J4TD	7316-3630	7316-3630-T-584852.RNA-Seq	38.74	0	18.37	NA
BS_0SPCTBZY	PT_PKHG2YFW	7316-3306	7316-3306-T-563582.RNA-Seq	25.73	0.08	20.8	NA
BS_GW0GKWMS	PT_P2NGYMG5	7316-1956	7316-1956-T-389413.RNA-Seq	13.53	0	14.31	NA
BS_J8G4SH4Z	PT_P4ZEFY19	7316-937	7316-937-T-345876.RNA-Seq	81.75	0.15	15.32	NA
BS_VMEX27TN	PT_5AF1501D	7316-309	7316-309-T-233193.RNA-Seq	82.84	0	17.73	NA
BS_9P9MB8X8	PT_45YH276T	7316-499	7316-499-T-324271.RNA-Seq	52.2	0	14.91	NA
BS_1RT76ANT	PT_5SX0GRW1	7316-1927	7316-1927-T-384049.RNA-Seq	44.21	4.11	58	NA
BS_J60G8DMK	PT_G16WS1MW	7316-279	7316-279-T-246899.RNA-Seq	42.61	0	8.88	NA
BS_SDZY6RZ3	PT_5GQ76YZJ	7316-168	7316-168-T-165669.RNA-Seq	37.55	0.06	13.15	NA
BS_11WY983P	PT_7A1PYTP9	7316-294	7316-294-T-233014.RNA-Seq	34.49	0.47	18.53	NA
BS_58YXHGAJ	PT_G4N67N0D	7316-1057	7316-1057-T-351285.RNA-Seq	19.38	1.49	34.99	NA
BS_FAQQ0GCQ	PT_EPFX7V9H	7316-2571	7316-2571-T-463481.RNA-Seq	43.92	0.01	15.34	NA
BS_K74PZET7	PT_ZG4J0EK0	7316-3774	7316-3774-T-592441.RNA-Seq	65.48	0.76	14.47	NA
BS_RGSMX7QD	PT_4EDBZRM2	7316-1952	7316-1952-T-389352.RNA-Seq	39.14	0	10.53	NA
BS_GHNJ4CYC	PT_1J2DT6MM	7316-2184	7316-2184-T-425899.RNA-Seq	39.98	0	13.58	NA
BS_0WQJP6ZG	PT_Y6Y9JJ9P	7316-425	7316-425-T-312885.RNA-Seq	30.97	0.76	12.51	NA
BS_MKM0EEN1	PT_W4XVT4AJ	7316-548	7316-548-T-332042.RNA-Seq	31.27	0.04	12.9	NA
BS_RB2S0KDF	PT_A9YAZJNN	7316-263	7316-263-T-249292.RNA-Seq	47.34	0.01	13.06	NA
BS_ZTWGFWTX	PT_TEBD1SES	7316-3054	7316-3054-T-548341.RNA-Seq	34.59	0	14.7	NA
BS_SFRQXM76	PT_DPVW4M1W	7316-2271	7316-2271-T-445112.RNA-Seq	13.9	0.96	16.54	NA
BS_NH7K4CD9	PT_ZD45GXZ0	7316-2109	7316-2109-T-407918.RNA-Seq	57.16	0.06	13.23	NA
BS_F5BZSF3Q	PT_D13X3N8F	7316-2743	7316-2743-T-507981.RNA-Seq	32.64	0.07	14.72	NA
BS_VVFBW0YH	PT_7QKGGMKV	7316-347	7316-347-T-242427.RNA-Seq	74.78	1.63	22.73	NA
BS_YETBN0RQ	PT_17NG0KW3	7316-1945	7316-1945-T-389249.RNA-Seq	62.68	0.03	10.35	NA
BS_YA8RBGD8	PT_F27SA15G	7316-1661	7316-1661-T-361075.RNA-Seq	52.21	0.01	17.34	NA
BS_FEPRNEXX	PT_00G007DM	7316-2577	7316-2577-T-463571.RNA-Seq	62.43	0	8.44	NA
BS_N8J1DP02	PT_VE0Q731Y	7316-1641	7316-1641-T-360775.RNA-Seq	30.16	0	12.84	NA
BS_99B1XRZQ	PT_3VCS1PPF	7316-490	7316-490-T-324113.RNA-Seq	59.45	0.15	16.87	NA
BS_V4W81SFC	PT_W17NV5YG	7316-2079	7316-2079-T-407528.RNA-Seq	28.65	0	13.05	NA
BS_TXY8QYWA	PT_H876VB6R	7316-1806	7316-1806-T-366727.RNA-Seq	31.41	0.14	15.35	NA
BS_JGA9BP3A	PT_WE1CHTWK	7316-87	7316-87-T-62339.RNA-Seq	37.98	0.09	33.14	NA
BS_CYEY58NY	PT_BDM0M83S	7316-3072	7316-3072-T-549133.RNA-Seq	62.75	0.1	11.15	NA
BS_A3QZB9Y2	PT_HT4HJXY6	7316-901	7316-901-T-345263.RNA-Seq	37.9	0	12.57	NA
BS_49852ZBH	PT_5VAKED5F	7316-2689	7316-2689-T-485705.RNA-Seq	34.3	0	13.12	NA
BS_1ZVXF5FE	PT_TS0FW57Z	7316-2167	7316-2167-T-425644.RNA-Seq	46.23	0	12.49	NA
BS_RX1YTZ7F	PT_4XB3YTJM	7316-388	7316-388-T-290239.RNA-Seq	16.3	0.01	38.64	NA
BS_B0SVFK4P	PT_RRT2E7HK	7316-136	7316-136-T-552494.RNA-Seq	29.3	0.01	48.56	NA
BS_D8N31T39	PT_2WVW55DA	7316-502	7316-502-T-331285.RNA-Seq	38.92	0	27.05	NA
BS_W7MFJZ5A	PT_C5FKRB1P	A14565	A14565-T.RNA-Seq	16.65	0	27.6	NA
BS_JBGZ7HHZ	PT_FZHGKJ0H	7316-4033	7316-4033-T-649574.RNA-Seq	22.1	0	11.47	NA
BS_P9JP6JFA	PT_Y5KY6KN9	7316-195	7316-195-T-202952.RNA-Seq	31.02	0.01	27	NA
BS_QV51J756	PT_CWD717Q0	7316-101	7316-101-T-68282.RNA-Seq	39.33	0.02	12.36	NA
BS_3Y0QXZQB	PT_K8ZV7APT	7316-2590	7316-2590-T-463767.RNA-Seq	28.27	0	13.82	NA
BS_29CPJ040	PT_06ERX8Z7	7316-2578	7316-2578-T-463586.RNA-Seq	39.81	0	14.19	NA
BS_KSKZ9J7J	PT_80NVYCBS	7316-765	7316-765-T.RNA-Seq	43.69	0.11	13.98	NA
BS_K81DR8XG	PT_GH6HM5QF	7316-3202	7316-3202-T-555589.RNA-Seq	30.83	0.46	15.77	NA
BS_AG3D3435	PT_7YSCM82T	7316-1658	7316-1658-T-361029.RNA-Seq	44.45	0.06	15.49	NA
BS_W1385R8Y	PT_Y585X1BS	7316-622	7316-622-T-337546.RNA-Seq	13.98	0.06	52.06	NA
BS_XBQZYS8G	PT_W7FK539G	7316-76	7316-76-T-57660.RNA-Seq	44.09	2.05	35.13	NA
BS_PRR8K9GE	PT_CEWNZVKF	7316-124	7316-124-T-111647.RNA-Seq	53.12	0.01	23.25	NA
BS_VAAHBH60	PT_GH27VJBD	7316-2266	7316-2266-T-445047.RNA-Seq	67.47	5.96	22.54	NA
BS_BKR4E30C	PT_E3S6H59E	7316-133	7316-133-T-115470.RNA-Seq	27.54	0	15.29	NA
BS_F6V1Y4QS	PT_Z7YJ7MSM	7316-2864	7316-2864-T-513926.RNA-Seq	41.58	0	27.92	NA
BS_WFD0GE5X	PT_WKNKNYHH	7316-1107	7316-1107-T-353850.RNA-Seq	40.38	0	11	NA
BS_X91K8KMG	PT_1TGKS073	7316-1659	7316-1659-T-361043.RNA-Seq	46.29	0	15.81	NA
BS_PGHK1JRW	PT_TV5DYHNC	7316-1073	7316-1073-T-353340.RNA-Seq	43.69	1.19	15.24	NA
BS_03FT4S8B	PT_5KRVE8E4	7316-1671	7316-1671-T-361223.RNA-Seq	46.98	0.03	22.32	NA
BS_E60JZ9Z3	PT_Z4PJA6KT	7316-1763	7316-1763-T-365902.RNA-Seq	33.96	0.05	27.8	NA
BS_GNV89A5P	PT_45P9F9MD	7316-314	7316-314-T-247128.RNA-Seq	86.27	0.26	15.19	NA
BS_FQX1PRAJ	PT_K8ZV7APT	7316-2166	7316-2166-T-425629.RNA-Seq	37.4	0	12.74	NA
BS_9HSGV9TJ	PT_P75ZXB1S	7316-692	7316-692-T-339532.RNA-Seq	57.17	0	8.29	NA
BS_THSPSG2Z	PT_M0FVZ88D	7316-1986	7316-1986-T-389864.RNA-Seq	38.15	0	10.18	NA
BS_S69QZAJR	PT_5JA1N2H4	7316-839	7316-839-T-344650.RNA-Seq	48.18	0.56	26.67	NA
BS_NVKGSMXS	PT_DA4WFQ96	7316-172	7316-172-T-167372.RNA-Seq	48.59	0.01	11.38	NA
BS_HZE3KYZ1	PT_E4ECAFEN	7316-38	7316-38-T-28469.RNA-Seq	89.5	0.02	19.7	NA
BS_9E7YVFJM	PT_37WTWPZY	7316-73	7316-73-T-56395.RNA-Seq	19.2	0.01	14.2	NA
BS_A0DYVX9J	PT_QDGVJKE0	7316-2140	7316-2140-T-409120.RNA-Seq	20.36	0.01	22.52	NA
BS_ERJAJ0KA	PT_DXF7ZZQZ	7316-2809	7316-2809-T-513616.RNA-Seq	42.4	0.05	14.8	NA
BS_RCCN63K6	PT_RPC00TAJ	7316-231	7316-231-T-232014.RNA-Seq	36.68	0	26.98	NA
BS_47SJZ3PH	PT_1VQWQ0TC	7316-3627	7316-3627-T-584815.RNA-Seq	54.74	0	16.66	NA
BS_P4NX9MPA	PT_DFQAH7RS	7316-51	7316-51-T-39311.RNA-Seq	44.75	0.07	19.67	NA
BS_CREQ97QC	PT_BCN28SW9	7316-3574	7316-3574-T-580514.RNA-Seq	47.85	0.02	9.63	NA
BS_T55Y4Z0Y	PT_VBNP6JFB	7316-1095	7316-1095-T-353669.RNA-Seq	27.97	0.01	16.98	NA
BS_8ZS9F31R	PT_DW2XRPC9	7316-1723	7316-1723-T-364470.RNA-Seq	29.63	1.16	19.41	NA
BS_KVV7001W	PT_E8XM8JFZ	7316-324	7316-324-T-233373.RNA-Seq	41.64	0.05	19.79	NA
BS_8WPNFT03	PT_CAYBADQC	7316-2641	7316-2641-T-475123.RNA-Seq	20.64	0	47.19	NA
BS_CQSAJ7BF	PT_GPQJYAW4	7316-1750	7316-1750-T-365676.RNA-Seq	50.89	0.17	9.66	NA
BS_49CJNZ06	PT_M9XXJ4GR	A09576	A09576-T.RNA-Seq	5.23	0	42.64	NA
BS_Q13FQ8FV	PT_1DSX4VJM	7316-1708	7316-1708-T-362697.RNA-Seq	24.39	0	17.02	NA
BS_W72364MN	PT_PKCTFSV2	7316-242	7316-242-T-232144.RNA-Seq	39.15	0	11.93	NA
BS_YK6VQ9SJ	PT_57YP9ABV	7316-1070	7316-1070-T-353296.RNA-Seq	62.91	0.01	24.46	NA
BS_PRAEF32W	PT_3PK66TJY	7316-2609	7316-2609-T-467457.RNA-Seq	47.07	0	15.07	NA
BS_JK0VPG1T	PT_ATS9XDJ5	7316-2159	7316-2159-T-434270.RNA-Seq	39.6	0	13.61	NA
BS_2ADZNNV4	PT_NTK39NNV	7316-3076	7316-3076-T-549180.RNA-Seq	39.68	0	11.2	NA
BS_NJ4WPQVK	PT_EV71W1JW	7316-349	7316-349-T-242451.RNA-Seq	9.99	0	22.6	ATRX--CYLC1
BS_FTKPQ5FZ	PT_VR8T8JX8	7316-762	7316-762-T-342402.RNA-Seq	53.39	0.7	13.46	NA
BS_Z2NWPQKF	PT_YY7CRV21	7316-215	7316-215-T-225301.RNA-Seq	38.4	0	10.52	NA
BS_K17VQECG	PT_KEQ53KRH	7316-440	7316-440-T-313142.RNA-Seq	45.49	0.54	39.04	NA
BS_WJ9H4NZZ	PT_8GN3TQRM	7316-2091	7316-2091-T-407684.RNA-Seq	46.78	0.12	21.9	NA
BS_C3P5BC92	PT_T2M1338J	7316-258	7316-258-T-246907.RNA-Seq	16.11	0	18.32	NA
BS_G7AGNB5G	PT_EYHJQQ8E	7316-77	7316-77-T-58091.RNA-Seq	66.69	0	16.96	NA
BS_ABYF92Z9	PT_6MB6RED3	7316-226	7316-226-T-225432.RNA-Seq	43.91	0.01	15.63	NA
BS_78QX3XDF	PT_Q38AT6JY	7316-3773	7316-3773-T-592428.RNA-Seq	25	0.01	17.31	NA
BS_QP6MSKRE	PT_MKDQZ17N	7316-3292	7316-3292-T-560880.RNA-Seq	25.7	0.02	19.75	NA
BS_25T139TX	PT_TH8M3W34	7316-2130	7316-2130-T-408191.RNA-Seq	51.6	0	16.98	NA
BS_X23724NJ	PT_Y8RNS9JE	7316-1656	7316-1656-T-360998.RNA-Seq	23.68	0.04	23.9	NA
BS_74FS6GMW	PT_XTVQB9S4	7316-2933	7316-2933-T-533958.RNA-Seq	35.37	2.79	18.3	NA
BS_V9HVBBDW	PT_CTSQ5FHH	7316-438	7316-438-T-313114.RNA-Seq	67.97	1.93	18.69	NA
BS_850BAHH9	PT_HVZTF42R	7316-2187	7316-2187-T-425944.RNA-Seq	39.28	0	13.2	NA
BS_VPBMDMQX	PT_STRDJQ01	7316-1038	7316-1038-T-351266.RNA-Seq	56.82	0.16	24.36	NA
BS_2EN3X6HB	PT_CSZ9QA1N	7316-1464	7316-1464-T-416624.RNA-Seq	38.01	0	13.99	NA
BS_NS7GSHB9	PT_RMK36R2E	7316-2275	7316-2275-T-445164.RNA-Seq	43	0	15	NA
BS_DSS3S5XD	PT_SDK91A16	7316-247	7316-247-T-232204.RNA-Seq	34.96	0.07	17.92	NA
BS_N1E0H8YQ	PT_CGPJY881	7316-891	7316-891-T-345093.RNA-Seq	22.8	0	22.52	NA
BS_WSQMAA33	PT_92YX7KK9	7316-1785	7316-1785-T-366273.RNA-Seq	27.84	0.59	25.23	NA
BS_M9C4RY4P	PT_NMZBRFYS	7316-1987	7316-1987-T-389879.RNA-Seq	48.83	0	12.54	NA
BS_NPA6CZQF	PT_RSDTCFDA	7316-204	7316-204-T-211338.RNA-Seq	14.85	0.6	24.61	NA
BS_TA9WP4TH	PT_B7QRTN72	7316-1802	7316-1802-T-366667.RNA-Seq	46.75	0.56	16.32	NA
BS_VF5XWFXD	PT_JNEV57VK	7316-2594	7316-2594-T-463828.RNA-Seq	45.06	0.01	22.98	NA
BS_Z7Y2466H	PT_9B6KWJT2	7316-1226	7316-1226-T-356777.RNA-Seq	48.32	0	17.46	NA
BS_51RA1PGE	PT_HMF8J4EG	7316-644	7316-644-T-338772.RNA-Seq	31.87	0.01	14.97	NA
BS_A46RDWGM	PT_K6G6BE6G	7316-1113	7316-1113-T-353939.RNA-Seq	41.32	0	17.04	NA
BS_GTZCFGRZ	PT_4ADZ9F53	7316-3060	7316-3060-T-548427.RNA-Seq	53.76	0.01	23.58	NA
BS_HA20Y4XY	PT_4ZSR5DY8	7316-2667	7316-2667-T-479213.RNA-Seq	49.2	0	16.2	NA
BS_HWGWYCY7	PT_JT9HH7M6	7316-1455	7316-1455-T-357608.RNA-Seq	25.05	0	21.04	NA
BS_GMJBGBWB	PT_8GBF5MTD	7316-166	7316-166-T-164814.RNA-Seq	51.81	0.01	16.9	NA
BS_NR3P3GN2	PT_DJ106XYS	7316-3935	7316-3935-T-609467.RNA-Seq	33.32	0.26	13.99	NA
BS_28CDASF7	PT_S4YNE17X	7316-377	7316-377-T-242804.RNA-Seq	44.32	0	17.68	NA
BS_6MY8W3H0	PT_PY4QFHHV	7316-3768	7316-3768-T-646869.RNA-Seq	34.91	0.11	9.03	NA
BS_CZ3ER8DY	PT_ECMZCNTF	7316-736	7316-736-T-341046.RNA-Seq	30.37	0.17	12.47	NA
BS_JQVAWTTM	PT_M23Q0DC3	A03942	A03942-T.RNA-seq	8.79	0.12	16.01	NA
BS_MGAMKKBD	PT_6R7AE0P3	7316-2653	7316-2653-T-479003.RNA-Seq	17.85	0.03	12.98	NA
BS_7WNSZNE3	PT_Z4GS3ZQQ	7316-1797	7316-1797-T-366592.RNA-Seq	50.51	0.14	20.27	NA
BS_07ANYSYQ	PT_S4H6KA09	7316-2134	7316-2134-T-408244.RNA-Seq	41.91	0.3	16.23	NA
BS_3XY76V8T	PT_GDDWPDMC	7316-2575	7316-2575-T-463541.RNA-Seq	41.58	0	14.88	NA
BS_PXCPK5XS	PT_1B1Z7BRQ	7316-287	7316-287-T-246895.RNA-Seq	11.46	0	39.39	NA
BS_8MA5B8Y9	PT_AP658JQV	7316-1694	7316-1694-T-362487.RNA-Seq	33.21	0.11	16.4	NA
BS_CXVGG342	PT_2WVW55DA	7316-2100	7316-2100-T-407801.RNA-Seq	16.31	0	20.68	NA
BS_9SJWWYQ4	PT_3CVMBGD7	7316-1963	7316-1963-T-389517.RNA-Seq	50.07	0	14.77	NA
BS_2W3NC4K1	PT_2E552BAR	7316-2719	7316-2719-T-501453.RNA-Seq	24.42	0	15.81	NA
BS_GCA4GET3	PT_6TKJRSPW	7316-162	7316-162-T-152289.RNA-Seq	53.43	0	13.49	NA
BS_680K119G	PT_44HPG5YT	7316-3067	7316-3067-T-548524.RNA-Seq	38.38	0.01	13.85	NA
BS_BPSTSCBJ	PT_ATE3YRH5	7316-3308	7316-3308-T-563609.RNA-Seq	48.39	0.02	16.59	NA
BS_YZ2Z1Q6Y	PT_TH18S0JQ	7316-3068	7316-3068-T-548538.RNA-Seq	52.02	0	25.93	NA
BS_EVCAC3NH	PT_Z4GS3ZQQ	7316-740	7316-740-T-341915.RNA-Seq	57.53	0	10.98	NA
BS_97M1E2DW	PT_B38P3Y5T	7316-3208	7316-3208-T-555661.RNA-Seq	46.45	0.11	16.35	NA
BS_06XH7EVF	PT_G8DRDA33	7316-879	7316-879-T-344891.RNA-Seq	23.37	0	11.08	NA
BS_1EBQ3T20	PT_4347ZBEX	7316-913	7316-913-T-345467.RNA-Seq	50.02	0.36	18.92	NA
BS_MD3DT41J	PT_WP871F5S	7316-3336	7316-3336-T-568050.RNA-Seq	31.49	0.48	14.99	NA
BS_8ZD6J47V	PT_4347ZBEX	7316-913	7316-913-T-345474.RNA-Seq	53.84	0.49	15.47	NA
BS_B53Z0T1Q	PT_7RMS6K08	7316-1748	7316-1748-T-365644.RNA-Seq	40.03	0	15.07	NA
BS_PGK832G2	PT_VTM2STE3	7316-2189	7316-2189-T-425982.RNA-Seq	26.12	0	17.22	NA
BS_TYAYZ9ZW	PT_NV584F7Q	7316-3192	7316-3192-T-555471.RNA-Seq	60.87	0.35	19.78	NA
BS_66HQ3E4Z	PT_AC5SD9AC	7316-2291	7316-2291-T-447766.RNA-Seq	39.35	0	16.22	NA
BS_DBDXCXT5	PT_HFQNKP5X	7316-4062	7316-4062-T-651705.RNA-Seq	32.01	0.79	9.76	NA
BS_T0RKFEKR	PT_AYVKQZRB	7316-612	7316-612-T-337536.RNA-Seq	31.32	0	14.16	NA
BS_1QNTEZPS	PT_5CKDR2SF	7316-525	7316-525-T-331640.RNA-Seq	50.6	0.26	17.52	NA
BS_8J09S6MZ	PT_D8D108NY	7316-448	7316-448-T-317744.RNA-Seq	48.68	0.02	15.44	NA
BS_7S6GNG04	PT_QH9H491G	7316-382	7316-382-T-242863.RNA-Seq	32.22	0	12.76	NA
BS_AHEFXG7W	PT_VY45XTT7	7316-1801	7316-1801-T-366653.RNA-Seq	46.61	0.61	14.34	NA
BS_D9GEXXHX	PT_AQWDQW27	7316-1705	7316-1705-T-362652.RNA-Seq	26.73	0	13.6	NA
BS_Z28VKGNS	PT_GSSQYQKV	7316-3028	7316-3028-T-541245.RNA-Seq	23.47	0.01	12.25	NA
BS_YEQVW4ND	PT_NA8NZ0BN	7316-2135	7316-2135-T-408257.RNA-Seq	43.51	0.01	12.13	NA
BS_Z8YZ6QGS	PT_S0Q27J13	7316-2307	7316-2307-T-458786.RNA-Seq	18.85	0	16.9	NA
BS_W18SF91A	PT_HBT0C66Y	7316-3149	7316-3149-T-555110.RNA-Seq	37.56	0	13.95	NA
BS_6N3AFF66	PT_SBHN5F68	7316-516	7316-516-T-331505.RNA-Seq	49.47	0	13.56	NA
BS_JHGW42S6	PT_EB89G70N	7316-2858	7316-2858-T-513853.RNA-Seq	27.66	0.01	13.43	NA
BS_74G5K7JF	PT_8PV84CNE	7316-532	7316-532-T-331745.RNA-Seq	36.33	0.01	10.76	NA
BS_JTMXAMB7	PT_5F4N0CAP	7316-219	7316-219-T-225348.RNA-Seq	32.47	0.02	6.53	NA
BS_V0Q1G94N	PT_Y572BRC1	7316-485	7316-485-T-347672.RNA-Seq	46.59	0	9.87	NA
BS_KBEX4RT2	PT_84Q11Z5X	7316-288	7316-288-T-246894.RNA-Seq	19.89	0	20.79	NA
BS_4EN8D8Y4	PT_ZRQQC2S9	7316-3139	7316-3139-T-551154.RNA-Seq	39.21	0	17.41	NA
BS_T4JFN54G	PT_8XZY6MM1	7316-957	7316-957-T-346215.RNA-Seq	34.42	0	11.5	NA
BS_W7FP2G3F	PT_GERCQ0JG	7316-3520	7316-3520-T-576634.RNA-Seq	26.71	0	15.43	NA
BS_FWMJPKCV	PT_7VPSS2SN	7316-3621	7316-3621-T-584743.RNA-Seq	59.29	0	17.1	NA
BS_Z45HD492	PT_T3REPTTC	7316-3488	7316-3488-T-576154.RNA-Seq	51.79	0.86	20.56	NA
BS_699TN5RN	PT_JWW33RTB	7316-1793	7316-1793-T-366407.RNA-Seq	35.34	0.01	15.56	NA
BS_HTEPAKCM	PT_G3AVDN4E	7316-2227	7316-2227-T-431283.RNA-Seq	86.89	0	12.28	NA
BS_QT3NZ2YZ	PT_NESAQHB1	7316-3689	7316-3689-T-585843.RNA-Seq	55.46	4.89	43.58	NA
BS_FYRDYBMZ	PT_ARCM3PXM	7316-1187	7316-1187-T-356738.RNA-Seq	25.93	0.01	12.33	NA
BS_D2K9C7XR	PT_N673SYWW	7316-1751	7316-1751-T-365695.RNA-Seq	55.13	0.72	20.12	NA
BS_AG4H9S3J	PT_NFDHYPGT	7316-3152	7316-3152-T-555145.RNA-Seq	34.9	0	15.05	NA
BS_C7A2TYAC	PT_JXGMAHHN	7316-874	7316-874-T-344804.RNA-Seq	46.91	0	16.72	NA
BS_J8VX4D17	PT_7E3V3JFX	7316-506	7316-506-T-331345.RNA-Seq	26.41	0	18.7	NA
BS_WVW3W6ZB	PT_M1RYN7B0	7316-1781	7316-1781-T-366204.RNA-Seq	45.23	0.19	30.52	NA
BS_B61168DE	PT_1NN9AW39	7316-3148	7316-3148-T-555098.RNA-Seq	16.15	0.01	20.09	NA
BS_A87NPZAP	PT_X1XVE1XX	7316-3511	7316-3511-T-576531.RNA-Seq	67.51	0.69	16.66	NA
BS_YE1MAQYJ	PT_ZZRBX5JT	7316-3319	7316-3319-T-563763.RNA-Seq	29.74	0.06	14.11	NA
BS_8T7DZV2F	PT_62VNQ8C4	7316-968	7316-968-T-348781.RNA-Seq	28.7	0	12.05	NA
BS_0RQ4P069	PT_C2D4JXS1	7316-1746	7316-1746-T-365613.RNA-Seq	22.14	0	13.88	NA
BS_CB6VK7PB	PT_JMW6Q6NH	7316-1648	7316-1648-T-360878.RNA-Seq	48.35	0	17.04	NA
BS_94MT16N2	PT_JYZA0PNV	7316-437	7316-437-T-313099.RNA-Seq	78.92	0	18.07	NA
BS_4B0BAVTX	PT_7FZ8SE69	7316-2152	7316-2152-T-409299.RNA-Seq	42.07	0.02	15.88	ATRX--AL157778.1(513131)/AL137843.1(278882)
BS_QTSXW7DA	PT_ZD9AYB6F	7316-3323	7316-3323-T-564960.RNA-Seq	39.75	0.18	14.3	NA
BS_593HEWBF	PT_DB800CE1	7316-261	7316-261-T-232372.RNA-Seq	37.25	0	15.86	NA
BS_CW9QV8AG	PT_ZZ8SBJJ5	7316-725	7316-725-T-340027.RNA-Seq	36.09	0	10.67	NA
BS_W9AT0MR7	PT_8RB3EKNP	7316-4028	7316-4028-T-649514.RNA-Seq	73.45	1.32	15.32	NA
BS_0T17SY47	PT_BQ8BQ01J	7316-183	7316-183-T-171598.RNA-Seq	35.11	0.08	13.6	NA
BS_P44PE00R	PT_APPA7SFD	7316-78	7316-78-T-348053.RNA-Seq	45.91	0	10.31	NA
BS_M1T1K5WV	PT_C94VR1Y2	7316-2278	7316-2278-T-445203.RNA-Seq	25.35	0.12	9.24	NA
BS_2A162JH9	PT_JNEV57VK	7316-3058	7316-3058-T-548405.RNA-Seq	24.06	0.01	25.04	NA
BS_M0QYNVK8	PT_37B5JRP1	7316-2217	7316-2217-T-431153.RNA-Seq	61.65	0	10.59	ATRX--Z83820.1
BS_1SVVER1H	PT_RM9AZ7A8	7316-2084	7316-2084-T-407593.RNA-Seq	32.64	0	12.24	NA
BS_SXCZ3CXN	PT_CMB6TASJ	7316-505	7316-505-T-331330.RNA-Seq	32.31	0	13.24	NA
BS_D5NQV7N5	PT_VT6PJVQN	7316-205	7316-205-T-211762.RNA-Seq	16.36	0.01	8.25	NA
BS_3H71BH6Q	PT_AWMZ12NP	7316-2203	7316-2203-T-430455.RNA-Seq	33.03	0.01	15.22	NA
BS_DRY58DTF	PT_Z4PJA6KT	7316-1763	7316-1763-T-365902.RNA-Seq	25.18	0	16.64	NA
BS_MV6ASWV9	PT_ESHACWF6	7316-1790	7316-1790-T-366356.RNA-Seq	83.41	0.02	22.8	NA
BS_JVW2JJ39	PT_7570EHD9	7316-1064	7316-1064-T-351292.RNA-Seq	78.85	0.1	68.21	NA
BS_21ET39G7	PT_KZ56XHJT	A12398	A12398-T.RNA-Seq	18.83	0.01	17.15	NA
BS_B3M5SGPA	PT_4XVA57J7	7316-1760	7316-1760-T-365846.RNA-Seq	27.8	0	19.39	NA
BS_A89VAPVV	PT_A4KA01ZH	7316-894	7316-894-T-345144.RNA-Seq	44.2	0.23	17.3	NA
BS_TJTEF70D	PT_MDWPRDBT	7316-895	7316-895-T-345161.RNA-Seq	39.34	0.01	8.75	NA
BS_9NZ2D6AD	PT_9YMRNZHH	7316-2178	7316-2178-T-425810.RNA-Seq	54.31	0.38	21.44	NA
BS_ZV68CES9	PT_F0N89D15	7316-3756	7316-3756-T-592189.RNA-Seq	39.35	0.05	13.3	NA
BS_KXCY5BN5	PT_GH693TT8	7316-2181	7316-2181-T-425854.RNA-Seq	46.39	0.38	19.05	NA
BS_XM1AHBDJ	PT_7P6J57H3	A12911	A12911-T.RNA-Seq	0.86	0	8.8	NA
BS_A1VEGWTR	PT_5ABCFCSK	7316-1851	7316-1851-T-373224.RNA-Seq	45.78	0.1	13.51	NA
BS_WVS02TZK	PT_NNZQ09SH	7316-1109	7316-1109-T-353881.RNA-Seq	50.09	0	18.27	NA
BS_MMNRZ1EQ	PT_WG2Z95B5	7316-2141	7316-2141-T-446716.RNA-Seq	38.15	3.14	13.83	NA
BS_CZ3NA7KV	PT_B5K3A4F4	7316-1214	7316-1214-T-356765.RNA-Seq	37.73	0.08	17.04	NA
BS_3BDAG9YN	PT_62VNQ8C4	7316-1884	7316-1884-T-373280.RNA-Seq	29.04	0	17.29	NA
BS_TRKH2SPE	PT_RA6AGBA7	7316-461	7316-461-T-567996.RNA-Seq	30.19	0.19	19.13	NA
BS_3G3KWY18	PT_48N4Y6YP	7316-1866	7316-1866-T-373311.RNA-Seq	33.84	0	14.06	NA
BS_JSPR854S	PT_0H65S44B	7316-3567	7316-3567-T-580416.RNA-Seq	27.25	0	12.96	NA
BS_BYCX6VK1	PT_3AWKWXEV	7316-85	7316-85-T-61498.RNA-Seq	19.81	0	34.36	NA
BS_NKEAAFMW	PT_T03AT4BJ	7316-2708	7316-2708-T-498310.RNA-Seq	55.27	8.76	25.81	NA
BS_AGTPCRR4	PT_TS0H697Y	7316-394	7316-394-T-290312.RNA-Seq	30.93	0.1	14.26	NA
BS_HQ5BJ6MW	PT_E1TRJP8V	7316-134	7316-134-T-115887.RNA-Seq	45.36	0	11.57	NA
BS_PSW27ZTE	PT_67R1AF5R	7316-889	7316-889-T-345060.RNA-Seq	43.92	0.01	13.07	NA
BS_G3RJTBZD	PT_3CHB9PK5	7316-2085	7316-2085-T-407606.RNA-Seq	20.87	0	22.59	NA
BS_P7EY9DXG	PT_H8Z52K09	7316-2224	7316-2224-T-431244.RNA-Seq	33.89	0.28	23.51	NA
BS_5PEFNDCY	PT_VQDNSYXM	7316-1637	7316-1637-T-360714.RNA-Seq	49.33	0	12.86	NA
BS_A7MC2KR2	PT_S2ASFBP7	7316-2157	7316-2157-T-409376.RNA-Seq	34.67	0	22.16	NA
BS_HKZENFDA	PT_DESHZ91V	7316-2009	7316-2009-T-391896.RNA-Seq	46.45	0.1	13.95	NA
BS_X9EGD530	PT_YGN06RPZ	7316-2204	7316-2204-T-430468.RNA-Seq	32.39	0	12.23	NA
BS_N6N147BY	PT_X648RVMK	7316-238	7316-238-T-232096.RNA-Seq	35.93	0.45	16.01	NA
BS_7GJT4A6A	PT_9JT1441X	7316-544	7316-544-T-331925.RNA-Seq	39.27	0	14.5	NA
BS_9CA93S6D	PT_HSHPZAEZ	7316-545	7316-545-T-331940.RNA-Seq	42.59	0.01	14.63	NA
BS_1TWCV047	PT_85RSG67R	7316-2986	7316-2986-T-534986.RNA-Seq	74.65	1.84	15.59	NA
BS_V72H4RQS	PT_KN25EYMG	7316-2309	7316-2309-T-458812.RNA-Seq	62.09	3.97	14.86	NA
BS_R4Y180DM	PT_NBSRQAMS	7316-1079	7316-1079-T-353429.RNA-Seq	54.49	0.86	19.98	NA
BS_13CGKADW	PT_WGWMA5AZ	7316-148	7316-148-T-146367.RNA-Seq	54.06	0	9.36	NA
BS_23QW0BBA	PT_3X3MF8ZD	7316-114	7316-114-T-106822.RNA-Seq	49.42	0	22.3	NA
BS_2A5R9MEJ	PT_FYPWZBH0	7316-1085	7316-1085-T-353519.RNA-Seq	55.96	0.14	17.66	NA
BS_HSHN8PBB	PT_E78NHRWQ	7316-1081	7316-1081-T-353459.RNA-Seq	37.09	0.01	16.76	NA
BS_8F9BDWY4	PT_XY404K0D	7316-1782	7316-1782-T-366220.RNA-Seq	57.76	0.01	15.73	NA
BS_0J9SHHSC	PT_WVC247PK	7316-1090	7316-1090-T-353596.RNA-Seq	49.19	0	14.77	NA
BS_4W68NV3M	PT_D215EQAP	7316-747	7316-747-T-342020.RNA-Seq	41.48	9.87	17.62	NA
BS_JFB984RG	PT_7KBMN6C2	7316-553	7316-553-T-332440.RNA-Seq	73.39	0.94	13.1	NA
BS_V7BJM89K	PT_94EHCMXA	7316-217	7316-217-T-225325.RNA-Seq	36.82	0.08	11.95	NA
BS_TZ5D0A7R	PT_8SDJXNFR	7316-3755	7316-3755-T-592174.RNA-Seq	44.57	0.46	13.09	NA
BS_TMTV769C	PT_8FWP7BR3	7316-449	7316-449-T-317761.RNA-Seq	53.08	0	12.68	NA
BS_C0XFDP38	PT_NH8CJ84W	7316-164	7316-164-T-164397.RNA-Seq	18.86	0	12.98	NA
BS_EYYMKWB7	PT_E79807KT	7316-1087	7316-1087-T-353550.RNA-Seq	38.78	0	15.94	NA
BS_68BW2163	PT_YZME6QCY	7316-2245	7316-2245-T-435112.RNA-Seq	36.89	0	14.52	NA
BS_TGS109T3	PT_18QG3Z4H	7316-1052	7316-1052-T-465398.RNA-Seq	68.67	0	20.42	NA
BS_M8EA6R2A	PT_4347ZBEX	7316-913	7316-913-T-345474.RNA-Seq	46.05	0.56	15.85	NA
BS_SXRS2P6T	PT_7YGZ526E	7316-1978	7316-1978-T-389743.RNA-Seq	43.9	0	17.07	NA
BS_FW5ECXXK	PT_3C6QA9MA	7316-1279	7316-1279-T-356830.RNA-Seq	33.68	0.78	9.76	NA
BS_TE0GVDNG	PT_2FK75B27	7316-1700	7316-1700-T-362577.RNA-Seq	79.44	0.23	14.41	NA
BS_S458NMKH	PT_S2SQJVGK	7316-442	7316-442-T-315526.RNA-Seq	52.12	0	12.19	NA
BS_68KX6A42	PT_RYMG3M91	A18777	A18777-T.RNA-Seq	19.8	1.09	24.58	GRID2IP--TERT, MARCH6--TERT
BS_W644VEVE	PT_XA98HG1C	7316-3023	7316-3023-T-541174.RNA-Seq	52.37	5.57	29.74	NA
BS_09Z7TC35	PT_YHTK536P	7316-1714	7316-1714-T-362921.RNA-Seq	70.56	2.92	25.97	NA
BS_AMQGM1V9	PT_J3B812DT	7316-123	7316-123-T-111230.RNA-Seq	56.29	0.01	9.97	NA
BS_MM20BVW9	PT_JXSDFPNM	7316-2142	7316-2142-T-409149.RNA-Seq	36.06	0	14.01	NA
BS_0BXY0F9N	PT_164RNWTT	7316-1078	7316-1078-T-353415.RNA-Seq	24.62	0	10.92	NA
BS_S1KK7XRH	PT_YJBPEF4V	7316-938	7316-938-T-345894.RNA-Seq	38.42	0.1	17.26	NA
BS_E94QRJDW	PT_20ZM6THA	7316-3629	7316-3629-T-584839.RNA-Seq	46.8	0	14.68	NA
BS_014EVM2D	PT_S21ZTKPS	7316-362	7316-362-T-242608.RNA-Seq	37.92	0	13.95	NA
BS_Q2T9ZRM0	PT_J4MWGQFQ	7316-2071	7316-2071-T-407424.RNA-Seq	25.27	0	9.23	NA
BS_VP5Y45Z7	PT_YMN5GV47	7316-658	7316-658-T-338982.RNA-Seq	50.54	0	13.29	NA
BS_GYA4V1RD	PT_XWVQW6JX	7316-3556	7316-3556-T-580262.RNA-Seq	46.22	0	12.31	NA
BS_7XQRH69M	PT_CQ7EGCMB	7316-3809	7316-3809-T-601480.RNA-Seq	67.84	0.36	20.39	NA
BS_VXHWZJDC	PT_5X061J42	7316-2149	7316-2149-T-409254.RNA-Seq	42.55	6.14	17.12	NA
BS_3MYEMXPQ	PT_RQ21EBK9	7316-367	7316-367-T-242667.RNA-Seq	71.26	0	12.85	NA
BS_G9XE3N9T	PT_2VSDT9CK	7316-3575	7316-3575-T-580526.RNA-Seq	50.68	0.01	13.22	NA
BS_ZF6BSFNF	PT_NWYSD53S	A15170	A15170-T.RNA-Seq	13.7	0	17.39	NA
BS_EXGBH3TD	PT_T1FV709B	7316-681	7316-681-T-339367.RNA-Seq	45.63	0.01	12.4	NA
BS_S6S7SK3P	PT_37B5JRP1	7316-2554	7316-2554-T-472283.RNA-Seq	54.39	0	13.19	NA
BS_5P3CZQV8	PT_MXASQ2GW	7316-3558	7316-3558-T-590842.RNA-Seq	24.39	0	11.62	NA
BS_5GNQC2FF	PT_VAJN5QP8	7316-2176	7316-2176-T-425785.RNA-Seq	24.53	0.01	11.33	NA
BS_ZZPBANDD	PT_9YNQJZ5G	7316-1941	7316-1941-T-389189.RNA-Seq	61.87	0.01	10.99	NA
BS_C6ZZ3FY5	PT_X71D7G5S	7316-1105	7316-1105-T-353821.RNA-Seq	16.76	0	11.47	NA
BS_6DCSD5Y6	PT_4YWZ538V	7316-719	7316-719-T-339937.RNA-Seq	67.1	0.06	19.62	NA
BS_8S86CM61	PT_SA94083W	7316-1856	7316-1856-T-373286.RNA-Seq	83.93	0.19	17.88	NA
BS_AP0SZ364	PT_PGVQ4XRZ	7316-946	7316-946-T-346029.RNA-Seq	46.9	0.02	13.3	NA
BS_Y08D5P8N	PT_H024RK87	7316-104	7316-104-T-69547.RNA-Seq	21.76	0	10.57	NA
BS_EXYHZ6D4	PT_2YCHME6S	7316-2622	7316-2622-T-469083.RNA-Seq	19.67	0	21.74	NA
BS_EZ3147MX	PT_KAQMYFYB	A16405	A16405-T.RNA-Seq	37.24	0.06	28.31	NA
BS_7Z93ZYMS	PT_3J0ASVHN	7316-3622	7316-3622-T-584756.RNA-Seq	43.35	0	13.33	NA
BS_4PH1MBGR	PT_NDVJE438	7316-2811	7316-2811-T-513640.RNA-Seq	76.66	0.59	16.69	NA
BS_3TQSE8HF	PT_BYJ428GA	7316-290	7316-290-T-232965.RNA-Seq	45.43	0	15.84	NA
BS_2SFTWNVE	PT_BG7GAFK6	7316-3626	7316-3626-T-584804.RNA-Seq	61.56	0.36	11.9	NA
BS_VJAC9H58	PT_SABHZ7XX	7316-3029	7316-3029-T-541257.RNA-Seq	49.41	0	13.07	NA
BS_4T0HPZDC	PT_06H29FCG	7316-1944	7316-1944-T-389232.RNA-Seq	23.31	0.02	22.35	NA
BS_H3Y8FWHV	PT_BWFTKJXT	7316-1094	7316-1094-T-353655.RNA-Seq	43.35	0	13.93	NA
BS_742RHK1M	PT_1TB2V1PH	7316-2608	7316-2608-T-467444.RNA-Seq	49.08	3.71	37.79	NA
BS_GWCRMKE6	PT_D5KHK0SS	7316-882	7316-882-T-344942.RNA-Seq	34.3	0	14.98	NA
BS_ENKG5GF3	PT_KCTZZA3G	7316-223	7316-223-T-225395.RNA-Seq	26.72	0.04	14.25	NA
BS_1A6MQ9ZA	PT_JSFBMK5V	7316-1769	7316-1769-T-366000.RNA-Seq	38.61	0	21.86	NA
BS_1TPWFSK6	PT_7JQ24F35	7316-1957	7316-1957-T-389427.RNA-Seq	45.62	0	11.06	NA
BS_KXMYBQ6N	PT_0WKX8Q5X	7316-88	7316-88-T-62763.RNA-Seq	34.53	0	16.89	NA
BS_WAXJY4XQ	PT_8GN3TQRM	7316-2069	7316-2069-T-407398.RNA-Seq	45.87	0.28	16.24	NA
BS_GDHH6T5A	PT_K8ZV7APT	7316-10	7316-10-T-7439.RNA-Seq	17.65	0.01	10.01	NA
BS_3Q0GTSYH	PT_KXB1PJV0	7316-206	7316-206-T-212179.RNA-Seq	55.22	0	13.1	NA
BS_NB5XWMJT	PT_ZR8MQRVG	7316-346	7316-346-T-242416.RNA-Seq	31.5	0	14.37	NA
BS_W97QQYKQ	PT_GKWWWJ0X	7316-1071	7316-1071-T-353309.RNA-Seq	42.55	0.05	17.31	NA
BS_DFWFBYSN	PT_RJ98S3KZ	7316-556	7316-556-T-332485.RNA-Seq	72.67	0.04	19.4	NA
BS_42Y3YANN	PT_BDNE55YT	7316-1710	7316-1710-T-362727.RNA-Seq	41.04	0.01	15.46	NA
BS_J71N7D09	PT_TVK2KY36	7316-2626	7316-2626-T-469135.RNA-Seq	112.86	0.59	11.04	NA
BS_0XEG6SNV	PT_82A9SDRN	7316-2313	7316-2313-T-458864.RNA-Seq	54.96	0.07	22.34	NA
BS_TK84K675	PT_MDWPRDBT	7316-2751	7316-2751-T-533306.RNA-Seq	33.9	0.03	9.4	NA
BS_N5DVEJXT	PT_VBVZ2NAR	7316-2156	7316-2156-T-409359.RNA-Seq	34.56	1.66	21.19	NA
BS_5NWDARXG	PT_EEKE0V9T	7316-32	7316-32-T-25911.RNA-Seq	46.12	0.01	12.65	NA
BS_MDBT7S5Z	PT_QTDY0Y9A	7316-3771	7316-3771-T-592398.RNA-Seq	47.02	0.26	17.15	NA
BS_4QW2S1Q8	PT_Y5KY6KN9	7316-195	7316-195-T-202630.RNA-Seq	34.16	0.01	31.14	NA
BS_T1DVKKJB	PT_JP1FDKN9	7316-2959	7316-2959-T-534959.RNA-Seq	34.75	0.6	17.1	NA
BS_3KASVCSQ	PT_T2V4X5ZW	7316-965	7316-965-T-346352.RNA-Seq	59.72	0.02	14.72	NA
BS_VMQMGSJY	PT_63F63QY0	7316-3521	7316-3521-T-576646.RNA-Seq	29.73	0.25	22.69	NA
BS_BC936YNZ	PT_KHX1WQ4H	7316-186	7316-186-T-172877.RNA-Seq	49.23	0	15.74	NA
BS_K25F4J3V	PT_J302B8Y5	7316-386	7316-386-T-290215.RNA-Seq	54.64	0.21	25.34	NA
BS_EYSS0ZDS	PT_CM32ZCX6	7316-2215	7316-2215-T-431127.RNA-Seq	37.95	0	16.35	NA
BS_G3NN392N	PT_QA9WJ679	A08768	A08768-T.RNA-Seq	0.79	0.01	15.66	NA
BS_VTJ9ESSV	PT_MA0J8DSN	7316-39	7316-39-T-34216.RNA-Seq	56.96	0	12.2	NA
BS_M15PW2N0	PT_S4A0R1PM	7316-2699	7316-2699-T-488835.RNA-Seq	59.22	1.55	16.81	NA
BS_QRDT19KS	PT_24DDXEB5	7316-1715	7316-1715-T-362922.RNA-Seq	69.95	0.77	13.51	NA
BS_RHD7XPNP	PT_JN3EN2HR	7316-2267	7316-2267-T-445060.RNA-Seq	24.62	0	13.52	NA
BS_HE57E1RP	PT_9DER14KH	7316-2230	7316-2230-T-431322.RNA-Seq	57.42	3.44	23.86	NA
BS_QPPPGYP4	PT_CZRDBM1Q	7316-435	7316-435-T-313035.RNA-Seq	39.33	0.32	12.22	NA
BS_9M5XJ10G	PT_VH6S71AC	7316-735	7316-735-T-341030.RNA-Seq	82.67	0.79	26.23	NA
BS_2KJ2YAZR	PT_N8W26H19	7316-267	7316-267-T-232444.RNA-Seq	40.9	0	16.02	NA
BS_K2VYFVKZ	PT_PFA762TK	7316-462	7316-462-T-323607.RNA-Seq	42.34	0	17.81	NA
BS_TW8DQH8J	PT_9S6WMQ92	7316-278	7316-278-T.RNA-Seq	49.25	0.13	14.39	NA
BS_R7HZCZ8B	PT_0CRPE7YP	7316-2158	7316-2158-T-409391.RNA-Seq	38.46	0	13.64	NA
BS_W311713R	PT_JEA0AEMZ	7316-2169	7316-2169-T-425675.RNA-Seq	89.36	5.36	21.71	NA
BS_29X4ZX6Q	PT_63HDZHCN	7316-2980	7316-2980-T-534980.RNA-Seq	21.1	0.08	25.95	NA
BS_7T1J3KET	PT_EC8R84NM	7316-341	7316-341-T-242357.RNA-Seq	49.77	0	16.72	NA
BS_1EN5V3XW	PT_RDJ40M73	7316-2561	7316-2561-T-460404.RNA-Seq	57.77	0	20.9	NA
BS_8RCR7Y4B	PT_RXJZ3C5G	7316-2632	7316-2632-T-469213.RNA-Seq	88.05	0	13.86	NA
BS_RR12T74P	PT_DTP4MMRA	7316-1463	7316-1463-T-357623.RNA-Seq	35.4	0	16.91	NA
BS_A14Z8BBK	PT_G1QNGVCZ	7316-1118	7316-1118-T-354015.RNA-Seq	77.79	0.18	10.45	NA
BS_W6AC5J3C	PT_16EJ7BZ9	7316-1938	7316-1938-T-386267.RNA-Seq	31.25	0	12.45	NA
BS_JR5ATB7G	PT_8M6W215T	7316-305	7316-305-T-233147.RNA-Seq	49.2	2.08	13.79	NA
BS_SES41DAX	PT_GKSABESN	7316-3485	7316-3485-T-576118.RNA-Seq	37.29	0.01	11.8	NA
BS_5P1TN10Z	PT_9BZETM0M	7316-158	7316-158-T-150607.RNA-Seq	3.67	0	22.51	NA
BS_TM9MH0RP	PT_59D00MBQ	7316-1937	7316-1937-T-386252.RNA-Seq	29.4	0	13.47	NA
BS_QX12J6W1	PT_XRQHMBHB	7316-3937	7316-3937-T-609496.RNA-Seq	37.06	0.41	23.97	NA
BS_P0W5VJH4	PT_DH8A0SNQ	7316-408	7316-408-T-311465.RNA-Seq	7.57	0	3.6	NA
BS_KVNGNETA	PT_GGCQAGPS	7316-304	7316-304-T-233135.RNA-Seq	47.4	1.25	57.15	NA
BS_K3ER45RV	PT_QEP13FH4	7316-3025	7316-3025-T-541201.RNA-Seq	34.51	0.49	12.13	NA
BS_BMMY0H73	PT_X5TQR8V2	7316-343	7316-343-T-242379.RNA-Seq	5.76	0	25.34	NA
BS_P277RYX5	PT_Y7F2JZMQ	7316-2680	7316-2680-T-485589.RNA-Seq	62.41	0	9.85	NA
BS_HC44ZA0V	PT_8RB7TPS2	7316-322	7316-322-T-233349.RNA-Seq	38.73	0	13.81	NA
BS_5CTVXVRX	PT_DW2XRPC9	7316-430	7316-430-T-312960.RNA-Seq	28.88	0.19	14.75	NA
BS_VJ2S5DVS	PT_MT27S7S4	7316-1969	7316-1969-T-389607.RNA-Seq	61.45	0.15	16.82	NA
BS_9XVACXP0	PT_387VK1T9	7316-3625	7316-3625-T-584791.RNA-Seq	64.78	0.01	16.58	NA
BS_NKRYMHEP	PT_RT1J9P8J	7316-307	7316-307-T-233169.RNA-Seq	75.09	0.09	14.6	NA
BS_AZN38B7V	PT_ZCXS29JJ	7316-2153	7316-2153-T-429732.RNA-Seq	11.6	0	10.96	NA
BS_3NNQ6PSB	PT_GNKRMTQY	7316-3856	7316-3856-T-602593.RNA-Seq	53.43	0.16	12.41	NA
BS_RVSEDNJ4	PT_HGHV85PZ	7316-2300	7316-2300-T-447884.RNA-Seq	47.53	0	17.12	NA
BS_9DZ253JY	PT_N8W26H19	7316-3061	7316-3061-T-548439.RNA-Seq	6.3	0	3.16	NA
BS_6HTK4YJP	PT_7F3ZPZB7	7316-2662	7316-2662-T-479139.RNA-Seq	68.8	2.26	27.01	NA
BS_9RT63JD9	PT_AEDWCP8Z	7316-851	7316-851-T-344662.RNA-Seq	32.17	0	11.71	NA
BS_8Q77HZ4R	PT_YBJYA2CD	7316-2244	7316-2244-T-435097.RNA-Seq	41.8	0	9.69	NA
BS_N6NE6B3W	PT_H0HWHRPB	7316-1679	7316-1679-T-361343.RNA-Seq	64.08	0	11.29	NA
BS_27QE6BV7	PT_Z9QE51C3	7316-373	7316-373-T-242755.RNA-Seq	32.79	0.01	9.23	NA
BS_TD1ZEQ7R	PT_MRTHX2AQ	7316-23	7316-23-T-17187.RNA-Seq	23.43	0.62	17.76	NA
BS_CS170P7T	PT_GQDHZFJP	7316-265	7316-265-T-232422.RNA-Seq	44.74	0	19.56	NA
BS_EBMCTR80	PT_8R00BMHH	7316-1845	7316-1845-T-373205.RNA-Seq	70.7	0	14.36	NA
BS_2YCJV2VV	PT_TD6ST5MG	7316-235	7316-235-T-232061.RNA-Seq	45.39	0	18.16	NA
BS_JZRM1S3T	PT_78NQ0QQS	7316-1651	7316-1651-T-360924.RNA-Seq	45.41	0.15	13.87	NA
BS_H0QWRJE2	PT_MDWPRDBT	7316-2146	7316-2146-T-409210.RNA-Seq	50.88	0	8.42	NA
BS_KXH37MPN	PT_AP9P5D7N	7316-1117	7316-1117-T-353999.RNA-Seq	41.23	0	17.1	NA
BS_Z72QAZC7	PT_HJA1ZYS1	7316-2939	7316-2939-T-534042.RNA-Seq	26.64	0.03	20.74	NA
BS_GC3CH9TY	PT_EJ8TKG2Z	7316-3571	7316-3571-T-580471.RNA-Seq	27.69	0.01	14.04	NA
BS_AWH9757B	PT_59FJRPVX	7316-3769	7316-3769-T-646871.RNA-Seq	44.94	0.34	13.99	NA
BS_6WP1FHTE	PT_Z4PJA6KT	7316-1763	7316-1763-T-365898.RNA-Seq	31.87	0.08	19.47	NA
BS_8PNA0V6R	PT_QQZXYR4M	7316-1946	7316-1946-T-389263.RNA-Seq	16.71	0.01	14.62	NA
BS_H8A9PSYA	PT_XSS1ANXD	7316-495	7316-495-T-324198.RNA-Seq	52.72	0	14.2	NA
BS_H4NXBD2D	PT_0CVRX4SJ	7316-764	7316-764-T-342404.RNA-Seq	32.47	1.27	13.87	NA
BS_KND4B5CW	PT_2NQPX1R2	7316-1116	7316-1116-T-353986.RNA-Seq	48.46	0.01	18.03	NA
BS_QAG1RDXN	PT_2WVW55DA	7316-1890	7316-1890-T-376458.RNA-Seq	43.49	0.01	12.36	NA
BS_QBR4WCQ2	PT_6PFFSB6D	7316-2569	7316-2569-T-462584.RNA-Seq	31.21	0	13.78	NA
BS_PKW05VZV	PT_279D9QZ8	7316-325	7316-325-T-233387.RNA-Seq	43.51	0	10.6	NA
BS_KX6J8TRK	PT_XA8ASFJK	7316-3762	7316-3762-T-592273.RNA-Seq	26.9	0.02	12.76	NA
BS_B7X8VXQ3	PT_FAD8FQ6S	7316-120	7316-120-T-109958.RNA-Seq	53.2	0	9.38	NA
BS_QC3XCE6X	PT_GB8MNK85	7316-1086	7316-1086-T-353536.RNA-Seq	40.58	0.01	11.43	NA
BS_SM8VQFPD	PT_5KP2E0DS	7316-3936	7316-3936-T-609480.RNA-Seq	54.02	0.14	17.78	NA
BS_91VYM11A	PT_MDWPRDBT	7316-2660	7316-2660-T-479108.RNA-Seq	38.38	0.04	12.43	NA
BS_WKESC3XN	PT_1H2REHT2	7316-3303	7316-3303-T-573928.RNA-Seq	43.88	0.05	20.57	NA
BS_MQCKXD60	PT_FCM7XPVR	7316-2285	7316-2285-T-465290.RNA-Seq	32.29	0.14	42.73	NA
BS_273HKCT4	PT_8CZ6ANE0	7316-1970	7316-1970-T-389624.RNA-Seq	46.16	0	12.67	NA
BS_HB03GSHF	PT_CWA1405H	7316-2252	7316-2252-T-435201.RNA-Seq	48.27	0.1	21.34	NA
BS_M7HCF7DW	PT_2WVW55DA	7316-2092	7316-2092-T-407697.RNA-Seq	40.47	0	18	NA
BS_R13X6TMW	PT_J0SZ1SX5	7316-2589	7316-2589-T-463752.RNA-Seq	24.98	0.01	12.82	NA
BS_W9N9844Q	PT_3CHB9PK5	7316-515	7316-515-T-331492.RNA-Seq	21.28	0.04	27.03	NA
BS_2JP7RBMB	PT_Y74CVASJ	A16538	A16538-T.RNA-Seq	14.17	0.05	21.19	NA
BS_M7QJ8VF0	PT_QD6KKKJH	7316-1765	7316-1765-T-365932.RNA-Seq	23.98	9.62	7.96	NA
BS_RCFQ31XF	PT_3R0P995B	7316-873	7316-873-T-344789.RNA-Seq	51.1	0	11.99	NA
BS_N0877CX1	PT_RRG1V7EP	7316-820	7316-820-T-358442.RNA-Seq	71.53	1.11	24.4	NA
BS_C51RB0YR	PT_DMMKT7X1	7316-1635	7316-1635-T-360684.RNA-Seq	43.76	0	14.49	NA
BS_3DCBDJAT	PT_AKQZZPH8	7316-2782	7316-2782-T-513449.RNA-Seq	26.02	0.06	13.59	NA
BS_92VDQ0NE	PT_DFQAH7RS	7316-2760	7316-2760-T-513364.RNA-Seq	45.56	0.01	11.38	NA
BS_VA5T4KAA	PT_2ZTXV44P	7316-310	7316-310-T-247126.RNA-Seq	82.37	0.49	15.29	NA
BS_VR7FR1NE	PT_6MWPJ96F	7316-1928	7316-1928-T-384021.RNA-Seq	38.91	0	15.44	NA
BS_3KHXMAJF	PT_TGTJECMR	7316-2647	7316-2647-T-478915.RNA-Seq	18.55	0	13.6	NA
BS_E1CGF3KV	PT_2PRV78FX	7316-176	7316-176-T-169061.RNA-Seq	37.62	0.01	16.29	NA
BS_E4F1D721	PT_1DY2TP9N	7316-1786	7316-1786-T-366289.RNA-Seq	32.58	0	15.16	NA
BS_G63HYD6N	PT_PKP1250P	7316-2556	7316-2556-T-460339.RNA-Seq	34.22	0.26	16.68	NA
BS_1N9XZXGE	PT_X8S0H6TG	7316-876	7316-876-T-344838.RNA-Seq	28.83	0.96	26.36	NA
BS_893A91ZM	PT_K8ZV7APT	7316-2665	7316-2665-T-506652.RNA-Seq	23.05	0	16.43	NA
BS_8NY9J9NQ	PT_JEW5HG4W	7316-1703	7316-1703-T-362622.RNA-Seq	35.17	0.01	13.43	NA
BS_8D0NYM46	PT_PNED3GG3	7316-387	7316-387-T-290228.RNA-Seq	44.41	0.02	23.99	NA
BS_PNYN0AYD	PT_C2D4JXS1	7316-1746	7316-1746-T-365613.RNA-Seq	39.09	0.01	16.65	NA
BS_H3FE3TH9	PT_1BV6ND1D	7316-3203	7316-3203-T-555602.RNA-Seq	51.77	0	12.27	NA
BS_JX449BF5	PT_90W4HCNR	7316-2672	7316-2672-T-485484.RNA-Seq	52.74	0	6.93	NA
BS_Y8D1F5WW	PT_ABMAQYY2	7316-842	7316-842-T-344653.RNA-Seq	62.09	0.01	23.35	NA
BS_CGB2WS2A	PT_VJ0M4E8Y	7316-2099	7316-2099-T-407788.RNA-Seq	40.31	0	12.81	NA
BS_7P83Z28P	PT_K63972GG	7316-666	7316-666-T-339122.RNA-Seq	45.2	0	14.49	NA
BS_NFRXNAFE	PT_RXT6KRR6	7316-3147	7316-3147-T-555085.RNA-Seq	70.3	0	16.01	NA
BS_HD4EJYE3	PT_EZS4SRH6	7316-676	7316-676-T-339272.RNA-Seq	67.41	0.07	16.88	NA
BS_6VF6VPCG	PT_3MNY9BRY	7316-2583	7316-2583-T-463662.RNA-Seq	33.04	0	15.23	NA
BS_7G42J2SK	PT_BWN251DF	7316-659	7316-659-T-339017.RNA-Seq	41.63	0.12	12.42	NA
BS_1XJ73KBQ	PT_AXVH36AM	7316-2180	7316-2180-T-425838.RNA-Seq	42.93	0	16.78	NA
BS_6H1C1ME9	PT_1MW98VR1	7316-2558	7316-2558-T-460366.RNA-Seq	25.77	0.01	19.46	NA
BS_J4GQPZS0	PT_EYWDFKA7	7316-29	7316-29-T-24639.RNA-Seq	47.57	0	13.7	NA
BS_7BTZQKYY	PT_QZN7FZER	7316-2757	7316-2757-T-508192.RNA-Seq	33.66	0	10	NA
BS_FBJ5Q54N	PT_FMK5VFYW	7316-950	7316-950-T-346096.RNA-Seq	53.8	0	21.64	NA
BS_JVA2NQFF	PT_4TASAQKA	7316-3566	7316-3566-T-592954.RNA-Seq	49.58	0	15.08	NA
BS_D29RPBSZ	PT_JNEV57VK	7316-3058	7316-3058-T-557515.RNA-Seq	36.14	0.17	21.14	NA
BS_VPMKHW9X	PT_WPYCXMDA	7316-3891	7316-3891-T-608212.RNA-Seq	33.5	0	9.79	NA
BS_R9B92M75	PT_1YQH5NSH	A20091	A20091-T.RNA-Seq	17.65	0.23	15.87	NA
BS_JFR750KD	PT_S2SQJVGK	7316-344	7316-344-T-242392.RNA-Seq	46.05	0	19.02	NA
BS_RSRPX3S8	PT_GR8P8NY5	7316-178	7316-178-T-169916.RNA-Seq	29.62	0.32	27.42	NA
BS_Z85M2R3N	PT_QJ3144WH	7316-3204	7316-3204-T-555613.RNA-Seq	21.34	0	9.08	NA
BS_23W9EPFE	PT_1ZAWNGWT	7316-3345	7316-3345-T-568372.RNA-Seq	14.9	0	22.32	NA
BS_B6M763JS	PT_QT3MK7BZ	7316-1977	7316-1977-T-389729.RNA-Seq	40.19	0	15.58	NA
BS_TNRHHYNC	PT_S8E3281G	7316-2138	7316-2138-T-409090.RNA-Seq	7.53	0	6.8	NA
BS_52DAPP1Y	PT_WYF217NZ	7316-345	7316-345-T-242405.RNA-Seq	49.04	0	14.04	NA
BS_HBJZR69P	PT_8WNA6M94	7316-1983	7316-1983-T-389817.RNA-Seq	44.08	0.01	15.76	NA
BS_4NWHYH53	PT_Y4FN0XN1	7316-1252	7316-1252-T-356803.RNA-Seq	51.75	0.01	13.3	NA
BS_7H4RFCW9	PT_6DW5NFKX	7316-3150	7316-3150-T-555121.RNA-Seq	39.75	0	25.79	NA
BS_YH05F9DB	PT_YVG4H0F1	7316-3070	7316-3070-T-548566.RNA-Seq	27.93	0.01	19.06	NA
BS_MN5XVP5A	PT_RPC00TAJ	7316-2970	7316-2970-T-534970.RNA-Seq	23.43	0	29.03	NA
BS_9G69F50J	PT_25Z2NX27	7316-1462	7316-1462-T-357564.RNA-Seq	20.84	0.01	14.2	NA
BS_ZQKGJD70	PT_VBG3Z18B	7316-512	7316-512-T-331445.RNA-Seq	22.03	0.42	27.9	NA
BS_KBT7MQ6H	PT_CYBYN18G	7316-2567	7316-2567-T-462556.RNA-Seq	54.41	0.53	16.61	NA
BS_WWKNJSJ5	PT_RJ1TJ2KH	7316-3680	7316-3680-T-585735.RNA-Seq	25.19	1.66	14.62	NA
BS_49FQXT2E	PT_89XRZBSG	7316-1789	7316-1789-T-366339.RNA-Seq	48.75	0.01	16.84	NA
BS_44A3ES23	PT_9DMMZ08D	7316-1666	7316-1666-T-361150.RNA-Seq	76.86	1.29	24.41	NA
BS_NDFDQBCZ	PT_QPY0H50V	7316-2614	7316-2614-T-467522.RNA-Seq	20.24	0.12	20.23	NA
BS_052PZFMK	PT_N3205P0D	7316-1099	7316-1099-T-353730.RNA-Seq	19.99	0.01	22.74	NA
BS_6YMJ621P	PT_0F3RHT8J	7316-2673	7316-2673-T-485496.RNA-Seq	44.84	0.01	9.22	NA
BS_ZVX2GRD6	PT_RKECV80K	7316-9	7316-9-T-7029.RNA-Seq	53.79	0	19.72	NA
BS_WH5HDE0A	PT_H3WWDMW9	7316-737	7316-737-T-341059.RNA-Seq	71.03	0.02	23.66	NA
BS_ZV1P6W9C	PT_ZVYRFGEN	7316-1068	7316-1068-T-351296.RNA-Seq	31.11	0	17.42	NA
BS_8J3B6ZB6	PT_EF398HVC	7316-1975	7316-1975-T-389698.RNA-Seq	38.2	0	17.39	NA
BS_3AC3SRWH	PT_SDPA6AAP	7316-624	7316-624-T-337548.RNA-Seq	3	0	7.36	NA
BS_HC5M8JTC	PT_K39HM2JF	7316-1084	7316-1084-T-353504.RNA-Seq	37.39	0.01	12.54	NA
BS_31TF0P1N	PT_M04EC74B	7316-918	7316-918-T-345552.RNA-Seq	18.21	0.09	12.12	NA
BS_EMMF4PZX	PT_BZKJR4GK	7316-561	7316-561-T-336208.RNA-Seq	31.66	0.01	13.18	NA
BS_P39SQPTS	PT_01MZ62KG	7316-447	7316-447-T-317727.RNA-Seq	32.45	0.93	26.22	NA
BS_5PV5N4HQ	PT_YRMG61G8	7316-2305	7316-2305-T-458760.RNA-Seq	48.84	0	16.16	NA
BS_5K3R0F5D	PT_A0F23R7E	7316-452	7316-452-T-319885.RNA-Seq	45.29	0.01	11.36	NA
BS_YEB88D32	PT_N56EYD4Z	7316-3857	7316-3857-T-602605.RNA-Seq	89.27	1.23	15.85	NA
BS_H97S5SQN	PT_DMAF1J4A	A18552	A18552-T.RNA-Seq	20.32	0.01	17.92	NA
BS_52C576HH	PT_KFYJBQB8	7316-3075	7316-3075-T-549171.RNA-Seq	19.66	0	29.14	NA
BS_NGSG2KB6	PT_KTRJ8TFY	A09689	A09689-T.RNA-Seq	16.18	0.07	20.43	NA
BS_9Q6Z6VJC	PT_M5HDHQNQ	7316-475	7316-475-T-323828.RNA-Seq	30.61	0	15.92	NA
BS_ZD5HN296	PT_89XRZBSG	7316-445	7316-445-T-317694.RNA-Seq	17.41	0	18.54	NA
BS_HJRTC9JQ	PT_VTM2STE3	7316-2189	7316-2189-T-425973.RNA-Seq	22.25	0.01	15.08	NA
BS_KVAJYZ6F	PT_JW2FDK4W	7316-334	7316-334-T-242272.RNA-Seq	39.9	0	8.13	NA
BS_AMZ70B6F	PT_3VQEVNDD	7316-1680	7316-1680-T-361359.RNA-Seq	54.01	0.14	22.16	NA
BS_R7NTZR4C	PT_0MXPTTM3	A09410	A09410-T.RNA-Seq	10.92	0	33.99	NA
BS_9PB3XH5D	PT_04YTK82N	7316-746	7316-746-T-342004.RNA-Seq	68.74	0.32	23.33	NA
BS_AD4JPN9Q	PT_17W3GJPT	7316-2306	7316-2306-T-458773.RNA-Seq	38.12	0.01	15.51	NA
BS_0C7VZC0A	PT_VAJN5QP8	7316-2176	7316-2176-T-425778.RNA-Seq	74.92	0	21.48	NA
BS_EFE4YEK3	PT_RH59ET3M	7316-1655	7316-1655-T-360984.RNA-Seq	79.72	0.01	16.71	NA
BS_17WYVEEC	PT_FKWCVXNC	7316-332	7316-332-T-242248.RNA-Seq	42.99	0	12.28	NA
BS_M4TTKPNR	PT_YKVK5HTK	7316-441	7316-441-T-314920.RNA-Seq	33.66	0.01	12.25	NA
BS_063ERW0R	PT_3V5GTCJR	7316-1646	7316-1646-T-360850.RNA-Seq	55.29	0.04	13.73	NA
BS_86Q14TZG	PT_2WA5PM32	7316-949	7316-949-T-346079.RNA-Seq	28.35	0.07	22.51	NA
BS_55JW3HFM	PT_R10BSB9F	7316-1965	7316-1965-T-389549.RNA-Seq	38.28	0	15.13	NA
BS_AJ6X83G5	PT_TRXF649Z	7316-915	7316-915-T-345502.RNA-Seq	47.21	0.01	8.69	NA
BS_NDC69214	PT_229DRV7B	7316-1757	7316-1757-T-365797.RNA-Seq	23.41	0	14.56	NA
BS_996ZS2A4	PT_RX1EWBP9	7316-2276	7316-2276-T-445177.RNA-Seq	28.27	0.55	18.56	NA
BS_W80TJC27	PT_R6WWH1QX	7316-423	7316-423-T-312855.RNA-Seq	33.38	0.19	15	NA
BS_1JDG6JV5	PT_CK41DW03	7316-329	7316-329-T-234369.RNA-Seq	34.91	0.01	19.29	NA
BS_HCP5C912	PT_WG5PHHSQ	7316-1962	7316-1962-T-389503.RNA-Seq	35.85	0	9.42	NA
BS_EHVYJAVA	PT_GHHY5AAE	7316-741	7316-741-T-341931.RNA-Seq	41.41	0	13.93	NA
BS_J483EMFP	PT_ESHACWF6	7316-878	7316-878-T-344873.RNA-Seq	38.71	0.11	20.81	NA
BS_69V8P8A0	PT_GBDYKSPY	7316-209	7316-209-T-213027.RNA-Seq	23.99	0	13.13	NA
BS_MA1A3GY0	PT_4XWYZYJS	7316-474	7316-474-T-323809.RNA-Seq	22.51	0	10.44	NA
BS_044XZ8ST	PT_QAX38GM7	7316-3570	7316-3570-T-580457.RNA-Seq	39.31	0	12.85	NA
BS_1KYGSMA7	PT_YGN06RPZ	7316-2208	7316-2208-T-430520.RNA-Seq	48.43	0.02	15.86	NA
BS_8ZY4GST0	PT_V1HNAC2Q	A07150	A07150-T.RNA-Seq	8.55	0	20.4	NA
BS_1BWP5MCT	PT_23NZGSRJ	7316-2659	7316-2659-T-479093.RNA-Seq	69.18	25.73	26.52	NA
BS_QSTAVWGE	PT_JP1FDKN9	7316-929	7316-929-T-345739.RNA-Seq	23	0	9.87	NA
BS_C7N3J4NW	PT_KDW5HHWQ	7316-2237	7316-2237-T-431398.RNA-Seq	32.35	0.16	10.88	NA
BS_K5802F84	PT_NZFFMZ0B	7316-923	7316-923-T-345637.RNA-Seq	34.28	0.02	9.16	NA
BS_E2Z940S4	PT_QH9H491G	7316-1461	7316-1461-T-357546.RNA-Seq	38.49	0	16.91	NA
BS_7ZV3DPGT	PT_QD6KKKJH	7316-1765	7316-1765-T-365931.RNA-Seq	13.44	2.17	9.07	NA
BS_R244Z0WX	PT_JPWVCTAJ	7316-1953	7316-1953-T-389367.RNA-Seq	37.5	0	14.38	NA
BS_ZJZXDPTP	PT_VREE80NP	7316-3776	7316-3776-T-593041.RNA-Seq	62.27	0	14.99	NA
BS_769BDPDB	PT_2FVTD0WR	7316-917	7316-917-T-345535.RNA-Seq	29.54	0	12.56	NA
BS_Z6BWR941	PT_YJGTKDV0	7316-1683	7316-1683-T-361403.RNA-Seq	45.75	0	12.63	NA
BS_ZF34SJGN	PT_7KTAH3RD	7316-2671	7316-2671-T-479274.RNA-Seq	36.95	0	14.27	NA
BS_66ABA973	PT_0K0DPVF6	7316-121	7316-121-T-110375.RNA-Seq	55.4	0	12.1	NA
BS_DHA5FMVW	PT_ND34A6PR	7316-122	7316-122-T-110806.RNA-Seq	50.78	0.79	27.87	NA
BS_4JWBB28H	PT_69C7CBFW	7316-1959	7316-1959-T-389457.RNA-Seq	29.05	1.22	16.67	NA
BS_2AR3AP0N	PT_AWBPNFM5	7316-1854	7316-1854-T-373285.RNA-Seq	30.22	0.01	11.35	NA
BS_9V633J1X	PT_BTTM2HS5	7316-2287	7316-2287-T-447715.RNA-Seq	53.39	0.2	17.2	NA
BS_JG9JZTA9	PT_QK4XB83F	7316-663	7316-663-T-339077.RNA-Seq	48.12	0.02	17.01	NA
BS_CZ82ANWP	PT_868QRW9G	7316-3132	7316-3132-T-551070.RNA-Seq	70.51	0.15	22.43	NA
BS_SDCNP7MW	PT_3KWSRWZN	7316-2648	7316-2648-T-498146.RNA-Seq	35.36	0	7.83	NA
BS_WJGFDRWK	PT_PJFTMJ6H	7316-2150	7316-2150-T-409270.RNA-Seq	53.31	0.07	23.1	NA
BS_YMAJC22S	PT_ZMKMKCFQ	7316-2753	7316-2753-T-508131.RNA-Seq	51.54	0.01	11.88	NA
BS_FJWZ3M7V	PT_X1PRY0FC	7316-1779	7316-1779-T-366169.RNA-Seq	34.21	0	13.86	NA
BS_1J2WQ08M	PT_MKDQZ17N	7316-3300	7316-3300-T-563497.RNA-Seq	29.36	0.55	17.66	NA
BS_53GQKVEX	PT_GQZ84ACS	7316-487	7316-487-T-324062.RNA-Seq	40.21	0	18.12	NA
BS_K2FHZGTK	PT_AXMVG8QE	7316-2732	7316-2732-T-501647.RNA-Seq	47.24	0.01	10.85	NA
BS_JKXA3FQC	PT_4JG5KWE8	7316-50	7316-50-T-38887.RNA-Seq	47.38	0.01	18.7	NA
BS_R5SNFB5B	PT_C2D4JXS1	7316-1746	7316-1746-T-365608.RNA-Seq	43.7	0.29	12.25	NA
BS_4E1G7E3G	PT_RJ1TJ2KH	7316-2110	7316-2110-T-407931.RNA-Seq	104.51	2.61	27.17	NA
BS_TG93XC55	PT_DDFAZ345	7316-321	7316-321-T-233339.RNA-Seq	46.95	0.04	10.72	NA
BS_PSNBFWQV	PT_J50NZYZF	7316-128	7316-128-T-113336.RNA-Seq	59.1	0.33	25.01	NA
BS_SBFNFZ8B	PT_1EB5KHZX	7316-1076	7316-1076-T-353385.RNA-Seq	48.35	0.01	9.41	NA
BS_V3REENH9	PT_P9RT6693	7316-2566	7316-2566-T-462544.RNA-Seq	38.61	0	12.46	NA
BS_KQ6ZW085	PT_SSE4AH59	7316-1776	7316-1776-T-366118.RNA-Seq	38.72	0	12.97	NA
BS_X0XXN9BK	PT_Z4BF2NSB	7316-161	7316-161-T-251672.RNA-Seq	10.61	0.02	48.37	NA
BS_PJPGVD62	PT_ZZRBX5JT	7316-496	7316-496-T-324221.RNA-Seq	17.51	0	27.77	NA
BS_0X9EGHY2	PT_3KK1F95W	7316-1744	7316-1744-T-365575.RNA-Seq	46.63	0	12.78	NA
BS_WGK8ZMVA	PT_DNAJYFZT	7316-4035	7316-4035-T-649598.RNA-Seq	53.9	0.08	15.45	NA
BS_GG9W3J9Y	PT_J5NSRW1Y	7316-3817	7316-3817-T-601576.RNA-Seq	32.44	0.89	12.97	NA
BS_D0BGESQF	PT_ZN1F7RMP	7316-1080	7316-1080-T-353445.RNA-Seq	23.14	0	9.43	NA
BS_4HQ3T2NC	PT_6N1QWCXE	7316-3169	7316-3169-T-555349.RNA-Seq	38.21	0	13.83	NA
BS_W4HGV6E7	PT_2C63FJAM	7316-3040	7316-3040-T-543985.RNA-Seq	32.71	0	11.64	NA
BS_JCPKYHKY	PT_GY0QSY4H	7316-1075	7316-1075-T-353369.RNA-Seq	38.68	0.05	19.94	NA
BS_GJNCYABP	PT_7MZRW1DH	7316-2582	7316-2582-T-463647.RNA-Seq	25.77	0.02	16.13	NA
BS_9GJ23RHH	PT_M2J30CF7	7316-1747	7316-1747-T-365627.RNA-Seq	25.05	0.55	21.31	NA
BS_0WVJYM9R	PT_MNR94DEV	7316-370	7316-370-T-242720.RNA-Seq	32.36	0	11.05	NA
BS_DPF1CX0G	PT_ZVV78QP5	7316-117	7316-117-T-108479.RNA-Seq	49.4	0	15.28	NA
BS_DRD9QXR5	PT_MQHST8YC	7316-3316	7316-3316-T-563722.RNA-Seq	27.95	0.01	13.33	NA
BS_DV86M0Y7	PT_2Z7GVDTM	7316-3515	7316-3515-T-576576.RNA-Seq	46.97	0.01	11.59	NA
BS_0448A413	PT_VHS5RM2K	7316-364	7316-364-T-291960.RNA-Seq	63.08	0.68	17.99	NA
BS_478TN841	PT_W6AWJJK7	7316-230	7316-230-T-232000.RNA-Seq	34.43	0	13.52	NA
BS_FRM9TG02	PT_3P3D97AB	7316-13	7316-13-T-8301.RNA-Seq	33.36	0	10.12	NA
BS_KN92S7YQ	PT_HEGTYPQJ	7316-2562	7316-2562-T-460417.RNA-Seq	59.37	0.07	12.69	NA
BS_XZTV0J8W	PT_HJMP6PH2	7316-185	7316-185-T-172453.RNA-Seq	58.74	0.27	14.81	NA
BS_4W1DBAN4	PT_5D3AVPCW	7316-187	7316-187-T-173301.RNA-Seq	44.85	0	11.49	NA
BS_0GDJQANN	PT_ABV3RS3T	7316-471	7316-471-T-323762.RNA-Seq	32.13	0.05	9.62	NA
BS_BA6AZWB3	PT_YV2S3ES7	7316-182	7316-182-T-567915.RNA-Seq	58.72	1.39	16.35	NA
BS_PK18H7E7	PT_2YT37G8P	7316-399	7316-399-T-290428.RNA-Seq	41.63	0.01	14.13	NA
BS_8ZP3CBQA	PT_T4VKB29K	7316-2125	7316-2125-T-408126.RNA-Seq	30.89	0	15.7	NA
BS_4NF35AF6	PT_FAPEH6R1	7316-1660	7316-1660-T-361058.RNA-Seq	49.08	0.01	16.2	NA
BS_T3H5AY8A	PT_KMHGNCNR	7316-350	7316-350-T-242463.RNA-Seq	15.29	0.11	15.6	NA
BS_S5P8VTN5	PT_858H7ABM	7316-903	7316-903-T-345298.RNA-Seq	42.04	0	21.59	NA
BS_TXZ7KHTQ	PT_VWZZTK38	7316-1844	7316-1844-T-373190.RNA-Seq	15.52	0	9.89	NA
BS_VW85Q4XJ	PT_2YT37G8P	7316-2962	7316-2962-T-534962.RNA-Seq	39.79	0.01	13.29	NA
BS_XKKB4MZV	PT_RV0RDER2	7316-262	7316-262-T-258405.RNA-Seq	52.62	0	17.5	NA
BS_1D6PZNKN	PT_7DTGJYA7	7316-1695	7316-1695-T-362502.RNA-Seq	46.56	0.49	19.58	NA
BS_MB7WN0ZB	PT_5BWZA0NT	7316-1102	7316-1102-T-353776.RNA-Seq	41.57	0.22	14.84	NA
BS_VVTHDRBD	PT_Y76A7PBA	7316-2288	7316-2288-T-465298.RNA-Seq	42.09	0.41	20.41	NA
BS_GFM6EA61	PT_HFQNKP5X	7316-921	7316-921-T-345605.RNA-Seq	24.25	0.05	10.99	NA
BS_2HN96129	PT_DTP4MMRA	7316-1463	7316-1463-T-373373.RNA-Seq	46.52	0	16.63	NA
BS_JFEZA9KE	PT_F822DBA0	7316-458	7316-458-T-323539.RNA-Seq	54.1	0.07	25.98	NA
BS_EJ9JKM1C	PT_HFQNKP5X	7316-3295	7316-3295-T-567684.RNA-Seq	30.2	0.27	13.83	NA
BS_MX23ZY0Y	PT_Y5KY6KN9	7316-195	7316-195-T-203029.RNA-Seq	53.78	0.21	30.78	NA
BS_NQB91P48	PT_C1M4YF1R	7316-127	7316-127-T-112912.RNA-Seq	38.68	0	16.02	NA
BS_912NX4Y0	PT_1P436YMM	7316-3917	7316-3917-T-609216.RNA-Seq	43.34	0.01	11.2	NA
BS_X0F9AYEC	PT_Y8HSH496	7316-196	7316-196-T-203061.RNA-Seq	42.81	0	14.35	NA
BS_6JHXXVR7	PT_9PJR0ZK7	7316-2576	7316-2576-T-463558.RNA-Seq	45.75	52.56	47.22	LHFPL2--TERT, TERT(927)/MIR4457(13314)--LHFPL2
BS_G5QBBHDV	PT_27FDWCVZ	7316-184	7316-184-T-567968.RNA-Seq	29.77	0.01	31.84	NA
BS_67Z63A2K	PT_NYBH025T	7316-3069	7316-3069-T-548551.RNA-Seq	33.51	0	12.47	NA
BS_BJDNWMJH	PT_KVFS3Z2Q	7316-1955	7316-1955-T-389397.RNA-Seq	54.41	0	12.74	NA
BS_N5B2CZMH	PT_3SW2VHD5	7316-2984	7316-2984-T-534984.RNA-Seq	29.27	0.01	13.75	NA
BS_EF775B3K	PT_XNTFM9XY	7316-92	7316-92-T-64452.RNA-Seq	48.87	0.01	10.47	NA
BS_B1HVNV0T	PT_FYECBRPP	7316-1778	7316-1778-T-366152.RNA-Seq	51.52	0	10.19	NA
BS_E4GC9EXR	PT_W6AWJJK7	7316-893	7316-893-T-345129.RNA-Seq	43.72	0.01	14.56	NA
BS_6G6C7VPX	PT_XTVQB9S4	7316-2186	7316-2186-T-425928.RNA-Seq	46.36	0.23	19.15	NA
BS_G23JJAZY	PT_23K3YS1P	7316-189	7316-189-T-174142.RNA-Seq	42.05	0.02	11.98	NA
BS_67PX06P3	PT_WTMSD2WB	7316-3632	7316-3632-T-584875.RNA-Seq	17.95	0	11.02	NA
BS_WG203ECV	PT_962TCBVR	7316-896	7316-896-T-345178.RNA-Seq	37.02	0	15.41	NA
BS_264RCK7G	PT_3A0B29QT	7316-80	7316-80-T-59364.RNA-Seq	56.61	0	14.89	NA
BS_9NJHQE9F	PT_VJZN69T9	7316-3510	7316-3510-T-576513.RNA-Seq	52.77	0.9	14.09	NA
BS_EK5PCKY0	PT_GFTCNWQ0	7316-775	7316-775-T-354333.RNA-Seq	20.32	0.07	9.54	NA
BS_MF47B9ZW	PT_7F485CXV	7316-1114	7316-1114-T-353956.RNA-Seq	29.1	0.02	12.65	NA
BS_QWNBZ9RJ	PT_00G007DM	7316-272	7316-272-T-357633.RNA-Seq	54.26	0.21	13.83	NA
BS_Q3TBCK4V	PT_BK92NM09	7316-2669	7316-2669-T-479243.RNA-Seq	45.58	0	16.86	NA
BS_VPNXJE2S	PT_V5ASTHRH	7316-3892	7316-3892-T-608224.RNA-Seq	35.12	2.48	28.86	NA
BS_AVYNZHSB	PT_S7WJ99PC	7316-677	7316-677-T-339287.RNA-Seq	44.2	0	14.55	NA
BS_GYXSDZ56	PT_5P3XJ97K	7316-390	7316-390-T-290265.RNA-Seq	40.05	0	16.19	NA
BS_3PYESPHA	PT_A594A46X	7316-91	7316-91-T-64028.RNA-Seq	47.04	0	10.07	NA
BS_FEYMKEK8	PT_13MKXR8G	7316-2251	7316-2251-T-435190.RNA-Seq	44.41	0	6.76	NA
BS_0RF0EZTV	PT_MW0QVGW2	7316-286	7316-286-T-232919.RNA-Seq	35.34	0	14.7	NA
BS_HX0S30NE	PT_H45M7M2T	7316-1652	7316-1652-T-360938.RNA-Seq	44.28	0	17.43	NA
BS_S9929Z8B	PT_AWMZ12NP	7316-2216	7316-2216-T-431140.RNA-Seq	31.25	0	15.13	NA
BS_X2QTK3QD	PT_T2M1338J	7316-2588	7316-2588-T-463738.RNA-Seq	29.21	0	11.79	NA
BS_GWSJ4Z9H	PT_9GKVQ9QS	A05262	A05262-T.RNA-Seq	18.6	0.13	24.68	NA
BS_WH8G4VFB	PT_R4T1V1K4	7316-3206	7316-3206-T-555638.RNA-Seq	29.56	0.03	17.63	NA
BS_0SCXXM6N	PT_SMDEQVHJ	7316-119	7316-119-T-109520.RNA-Seq	50.73	0	14.52	NA
BS_KEA474HN	PT_EQ5C5TEA	7316-3922	7316-3922-T-609284.RNA-Seq	35.4	0.01	14.85	NA
BS_W4DB5RP1	PT_XKVFVBY4	7316-550	7316-550-T-332072.RNA-Seq	42.04	1.77	17.08	NA
BS_T1YHK6B7	PT_DNH1VP67	7316-1062	7316-1062-T-351290.RNA-Seq	31.64	0.36	22.89	NA
BS_NZ71XCG3	PT_7FQ6VECA	7316-3846	7316-3846-T-602473.RNA-Seq	86	0.31	17.2	NA
BS_DY9NTFQR	PT_XP8AM1CH	7316-1096	7316-1096-T-353684.RNA-Seq	40.96	0	10.19	NA
BS_RQSKD7PN	PT_2E552BAR	7316-3066	7316-3066-T-567675.RNA-Seq	37.12	0	16.09	NA
BS_5YJEPPTP	PT_RFF7MKTC	7316-954	7316-954-T-346166.RNA-Seq	34.13	0	14.91	NA
BS_VXEFKW5P	PT_S4YNE17X	7316-234	7316-234-T-232048.RNA-Seq	48.75	0	17.95	NA
BS_BN986DF6	PT_PFA762TK	7316-368	7316-368-T-242681.RNA-Seq	38.21	0	16.37	NA
BS_W41S7B55	PT_NGDW8WVP	7316-1704	7316-1704-T-362637.RNA-Seq	38.72	0.12	14.41	NA
BS_PQVTB6BB	PT_9W4WTVFZ	7316-1312	7316-1312-T-356990.RNA-Seq	52.97	0.11	22.05	NA
BS_06AMMCXR	PT_Q3EP24V1	7316-154	7316-154-T-148904.RNA-Seq	34.87	0	17.71	NA
BS_GCQFGDTX	PT_PJSV0X4X	7316-843	7316-843-T-344654.RNA-Seq	57.93	3.09	23.06	NA
BS_X67GTEM6	PT_F9G665B1	7316-1886	7316-1886-T-373372.RNA-Seq	38.06	0.06	12	NA
BS_YDEVMD24	PT_NK8A49X5	A08692	A08692-T.RNA-Seq	7.44	0	18.57	NA
BS_1021ZGQT	PT_HJMP6PH2	7316-3775	7316-3775-T-592454.RNA-Seq	60.78	0.1	15.49	NA
BS_7N0B2CY1	PT_NPHZQW6A	7316-1985	7316-1985-T-389847.RNA-Seq	52.69	0	9.82	NA
BS_J6VKB1VE	PT_CG2S2H2R	7316-974	7316-974-T-351202.RNA-Seq	52.46	0.01	12.18	NA
BS_M84H3KXA	PT_RFGZ2JGP	7316-135	7316-135-T.RNA-Seq	41.23	0.12	9.99	NA
BS_C41DJZ1F	PT_30H1KV15	7316-1059	7316-1059-T-351287.RNA-Seq	22.19	0.01	19.13	NA
BS_D3YBV7KB	PT_NPPBNRVV	7316-1943	7316-1943-T-389219.RNA-Seq	33.47	0	12.88	NA
BS_GXTFW99H	PT_HNZNZ635	7316-2151	7316-2151-T-409293.RNA-Seq	24.46	0	22.44	NA
BS_DEHJF4C7	PT_PFP1ZVHD	7316-2310	7316-2310-T-458825.RNA-Seq	31.03	0.06	16.06	NA
BS_XF0ZX2B3	PT_GAM3E6M3	7316-872	7316-872-T-344771.RNA-Seq	26.61	0.02	14.97	NA
BS_6P50QTPP	PT_2ECVKTTQ	7316-2154	7316-2154-T-409331.RNA-Seq	42.91	0.01	10.46	NA
BS_ZWR9W4FX	PT_4RJ2EATN	7316-1653	7316-1653-T-360954.RNA-Seq	33.12	0	14.42	NA
BS_Z8F3GM85	PT_FZP24XYK	7316-1060	7316-1060-T-351288.RNA-Seq	25.8	0	21.23	NA
BS_61E80SD6	PT_39HBKSGG	7316-908	7316-908-T-345382.RNA-Seq	86.42	7.49	17.21	TERT(1091)/MIR4457(13150)--AL132656.4
BS_P4D8Y3S8	PT_F1086Z0A	7316-1101	7316-1101-T-353760.RNA-Seq	26.9	0.31	16.51	NA
BS_8VAZSJEN	PT_6R95FQT2	7316-459	7316-459-T-323557.RNA-Seq	42.42	0.01	12.39	NA
BS_A13BMEF5	PT_TB8HPJBN	7316-2663	7316-2663-T-479154.RNA-Seq	49.21	0	15.34	NA
BS_SNVM7CZT	PT_H2HT2WQX	7316-619	7316-619-T-337543.RNA-Seq	15.84	0	31.02	NA
BS_M4NVX721	PT_FWD7NZQ0	7316-1108	7316-1108-T-353866.RNA-Seq	40.69	0	12.25	NA
BS_WRHDP7WF	PT_FHDZNN40	7316-405	7316-405-T-311428.RNA-Seq	39.73	0.01	13.77	NA
BS_9XWJ88Q1	PT_DEKWG1QG	7316-2139	7316-2139-T-409104.RNA-Seq	28.67	0	9.95	NA
BS_FCAKKZ20	PT_9S6WMQ92	7316-95	7316-95-T-65745.RNA-Seq	74.96	1.54	15.03	NA
BS_XG0DBWVT	PT_Y660CKCB	7316-3122	7316-3122-T-550919.RNA-Seq	26.34	0	17.63	NA
BS_2XD3MNKD	PT_YQWG98Z5	7316-2856	7316-2856-T-513830.RNA-Seq	28.82	0.01	11.39	NA
BS_VT6C6N6K	PT_1NZGDP3P	7316-1104	7316-1104-T-353805.RNA-Seq	43.06	0.12	21.14	NA
BS_15ETQ0E4	PT_CW0BJE0Y	7316-41	7316-41-T-35057.RNA-Seq	32.63	2.05	20.13	NA
BS_BHR08WGW	PT_6TZR2DH1	7316-100	7316-100-T-67858.RNA-Seq	36.31	0	17.71	NA
BS_NRPG5K4K	PT_962TCBVR	7316-2744	7316-2744-T-507997.RNA-Seq	46.59	0	15.74	NA
BS_J70GK8SM	PT_QWR0EECG	7316-1480	7316-1480-T-358065.RNA-Seq	35.33	0.04	11.78	NA
BS_VNK9XYV9	PT_WYR1DVHX	7316-1950	7316-1950-T-389324.RNA-Seq	36.2	0.01	18.44	NA
BS_B7QS4DHK	PT_S4YNE17X	7316-4341	7316-4341-T-682315.RNA-Seq	25.8	0.01	17.3	NA
BS_6NRTJSYK	PT_98QMQZY7	7316-464	7316-464-T-323641.RNA-Seq	37.23	15.2	13.87	NA
BS_WRQHPSXQ	PT_4159VCJY	7316-389	7316-389-T-290251.RNA-Seq	39.66	0.01	19.45	NA
BS_09R7GDA7	PT_0PT33SCF	7316-1100	7316-1100-T-353746.RNA-Seq	33.16	0.01	16.1	NA
BS_V89HGTET	PT_N9CGVG02	7316-2197	7316-2197-T-430377.RNA-Seq	43.22	0	13.21	NA
BS_E0N3PTPN	PT_1H2REHT2	7316-2990	7316-2990-T-534990.RNA-Seq	45.69	0	14.77	NA
BS_N4B1SZZH	PT_K94ZVZMX	7316-521	7316-521-T-331580.RNA-Seq	57.32	1	15.83	NA
BS_VP3C8WZT	PT_962TCBVR	7316-391	7316-391-T-290277.RNA-Seq	40.59	0	15.34	NA
BS_37GTVG4N	PT_DQT78GS5	7316-3326	7316-3326-T-564996.RNA-Seq	41.54	0.3	22.52	NA
BS_GR46VD0Q	PT_S4YNE17X	7316-2899	7316-2899-T-542859.RNA-Seq	41.62	0	13.52	NA
BS_HV8PFRBR	PT_DEYCW197	7316-175	7316-175-T-168637.RNA-Seq	38.41	0	14.55	NA
BS_WE3Q8A73	PT_GY99ZJHV	7316-1654	7316-1654-T-360968.RNA-Seq	27.34	0	8.73	NA
BS_1QXEC43H	PT_FN4GEEFR	7316-3010	7316-3010-T-539916.RNA-Seq	40.2	2.32	24.12	NA
BS_RWJZFTP9	PT_S0PBN4M7	7316-1805	7316-1805-T-366712.RNA-Seq	45.85	0	14.7	NA
BS_2Z1MKS84	PT_1T7WF5S1	7316-2934	7316-2934-T-533972.RNA-Seq	52.27	0.16	11.89	NA
BS_X4X1SFSE	PT_VVCN8DXT	7316-71	7316-71-T-55540.RNA-Seq	36.58	0.74	10.07	NA
BS_PS0P3QJ3	PT_6D9C46GC	7316-620	7316-620-T-337544.RNA-Seq	11.3	0.01	22.39	NA
BS_E4QK839R	PT_VZTTTP3Q	7316-167	7316-167-T-165245.RNA-Seq	27.88	0	14.73	NA
BS_BB0YW800	PT_XCX9W17B	7316-19	7316-19-T-14524.RNA-Seq	23.5	0	8.63	NA
BS_GAGRGSSX	PT_4J24F353	7316-1137	7316-1137-T-356680.RNA-Seq	36.71	0.97	18.53	NA
BS_29006KEX	PT_XCCV6CW2	7316-2268	7316-2268-T-445073.RNA-Seq	25.76	0	13	NA
BS_VMMJYN8Z	PT_WY8REZ3P	7316-1783	7316-1783-T-366237.RNA-Seq	41.02	0	10.06	NA
BS_JGPR9SR2	PT_ECBD1D5J	7316-2177	7316-2177-T-425795.RNA-Seq	34.01	0	8.76	NA
BS_2SHWPB5P	PT_FZHGKJ0H	7316-4034	7316-4034-T-649586.RNA-Seq	9.24	0.01	9.04	NA
BS_WMEHNDSK	PT_B54PH840	7316-2707	7316-2707-T-489304.RNA-Seq	43.42	1.4	49.25	NA
BS_T3DGY9J9	PT_JSFBMK5V	7316-392	7316-392-T-290287.RNA-Seq	14.83	0	20.72	NA
BS_NYS8TRCB	PT_76Q72M5T	7316-397	7316-397-T-290404.RNA-Seq	34.6	0	13.25	NA
BS_52426AMF	PT_3HRS5CWF	7316-925	7316-925-T-374499.RNA-Seq	47.55	0	11.24	NA
BS_2WPQ8YCW	PT_KQK98ZVP	7316-1803	7316-1803-T-366682.RNA-Seq	48.71	0.01	19.56	NA
BS_V3Z3DB4N	PT_PF9EC93Q	7316-3765	7316-3765-T-592313.RNA-Seq	34.9	0.01	16.46	NA
BS_Z3RCA1T9	PT_C9YDTZPA	A15726	A15726-T.RNA-Seq	22.68	0.45	22.36	NA
BS_5VPM0F36	PT_HGM20MW7	A09446	A09446-T.RNA-Seq	11.81	0	20.35	NA
BS_45J79YTF	PT_6GDPNFA6	7316-2610	7316-2610-T-467470.RNA-Seq	49.55	0.21	12.38	NA
BS_NGY0TE6S	PT_W6CW60K9	7316-380	7316-380-T-242840.RNA-Seq	40.59	0.03	22.66	NA
BS_1RXZ3BP7	PT_02J5CWN5	7316-898	7316-898-T-345214.RNA-Seq	36.48	0	12.91	NA
BS_YBJBSRHV	PT_9CSZBV2P	7316-1473	7316-1473-T-358058.RNA-Seq	26.97	0.13	42.66	NA
BS_MY9D8XZ1	PT_YPCR2XRS	7316-554	7316-554-T-332455.RNA-Seq	43.86	0	10.68	NA
BS_Z7G68ZS2	PT_5SNX4PMK	7316-171	7316-171-T-166934.RNA-Seq	28.56	0.24	10.11	NA
BS_KE56MMY0	PT_9PJR0ZK7	7316-935	7316-935-T-379754.RNA-Seq	38.55	20.08	48.37	LHFPL2--TERT(925)/MIR4457(13316)
BS_52MPKTJH	PT_KX84KH6K	7316-2703	7316-2703-T-488887.RNA-Seq	60.37	0	14.78	NA
BS_T4P3J13C	PT_N9KYV4WB	7316-749	7316-749-T-342049.RNA-Seq	47.72	0.01	12.28	NA
BS_3J85TTZM	PT_5ZHYHDY2	7316-1459	7316-1459-T-357615.RNA-Seq	28.39	0.01	12.88	NA
BS_AA164D3A	PT_GCXG7800	7316-2720	7316-2720-T-501468.RNA-Seq	21.72	0.01	25.06	NA
BS_258RRGDM	PT_DQ3ZCHB6	7316-2195	7316-2195-T-426065.RNA-Seq	47.36	0.06	12.67	NA
BS_RRAEQZ97	PT_FXPJM0MW	7316-207	7316-207-T-212603.RNA-Seq	50.19	0	14	NA
BS_1T19NFJ8	PT_QEMT1845	7316-3153	7316-3153-T-555158.RNA-Seq	41.07	0.01	10.59	NA
BS_S50KQEXV	PT_MPRBGGEJ	7316-2172	7316-2172-T-456310.RNA-Seq	40.48	0	11.86	NA
BS_K7MVS0Z7	PT_ADTP7EHN	7316-1664	7316-1664-T-361118.RNA-Seq	46.37	0	15.34	NA
BS_DMZP9G1H	PT_2ZXR2PDN	7316-1636	7316-1636-T-360698.RNA-Seq	44.04	0.01	9.41	NA
BS_DY88N5ZT	PT_DFCZAG9T	7316-224	7316-224-T-225408.RNA-Seq	54.45	0.72	20.18	NA
BS_ZN8136D9	PT_AYZA2WCW	7316-197	7316-197-T-203485.RNA-Seq	42.54	0	7.78	NA
BS_2R9TCR03	PT_ZMKMKCFQ	7316-2988	7316-2988-T-534988.RNA-Seq	32.84	0	14.81	NA
BS_JWSR581E	PT_6E8JYRXM	7316-2729	7316-2729-T-501602.RNA-Seq	47.59	0	13.61	NA
BS_49VCQD19	PT_DEDRCQWH	7316-398	7316-398-T-290417.RNA-Seq	36.61	0	9.35	NA
BS_ZQ76ZBEX	PT_VJBVXB08	7316-155	7316-155-T-149335.RNA-Seq	6.27	0	24.84	NA
BS_KK0JWATQ	PT_XHYBZKCX	7316-1456	7316-1456-T-357461.RNA-Seq	18.39	0	19.8	NA
BS_XQ5SFW35	PT_N32BYY8A	7316-89	7316-89-T-63187.RNA-Seq	37.34	0	19.12	NA
BS_ZZWMD6FA	PT_RGX23JFP	7316-2901	7316-2901-T-514021.RNA-Seq	50.96	0	14.32	NA
BS_W3R88RFP	PT_2ECVKTTQ	7316-173	7316-173-T-167782.RNA-Seq	44.5	0	14.75	NA
BS_YCREDZTJ	PT_N3HVMV06	7316-2075	7316-2075-T-407476.RNA-Seq	27.14	0	18.29	NA
BS_4PPHAQXF	PT_P5HHJJPH	7316-870	7316-870-T-344736.RNA-Seq	19.78	0.58	23.23	SLC12A7--TERT
BS_JRYJGYC4	PT_S2BEPYQ0	7316-3000	7316-3000-T-536211.RNA-Seq	43.48	1.27	20.3	NA
BS_TZVFR600	PT_RFB07MZS	7316-2107	7316-2107-T-407892.RNA-Seq	79.98	1.64	16.96	NA
BS_TYKJ8G2G	PT_EYWDFKA7	7316-30	7316-30-T-25070.RNA-Seq	48.25	0	15.92	NA
BS_S4V9E1XJ	PT_Y572BRC1	7316-2193	7316-2193-T-426035.RNA-Seq	43.77	0	15.24	NA
BS_24AHZ9ZW	PT_SRWZDG3N	7316-361	7316-361-T-242595.RNA-Seq	35.77	0	16.28	NA
BS_QH82PBMB	PT_JQ45JK94	7316-222	7316-222-T-225384.RNA-Seq	39.13	0	13.19	NA
BS_4GTESTSE	PT_1ZAWNGWT	7316-319	7316-319-T-233313.RNA-Seq	35.03	0.1	17.47	NA
BS_P78SMRBS	PT_YXZPWFVB	7316-966	7316-966-T-346368.RNA-Seq	14.44	0	5.58	NA
BS_FJZPQZ2C	PT_3T3VGWC6	7316-3923	7316-3923-T-609299.RNA-Seq	24.21	0.01	10.42	NA
BS_N210XMKR	PT_C95KPXSW	7316-869	7316-869-T-344719.RNA-Seq	41.82	0	22.57	NA
BS_D0RDN4K5	PT_FF0MSK4D	7316-2987	7316-2987-T-534987.RNA-Seq	58.79	0.2	41.69	NA
BS_ARBQDTT5	PT_9M4CQX3M	7316-1972	7316-1972-T-389653.RNA-Seq	58.05	0.01	10.02	NA
BS_Y0PCBNJV	PT_S2CXXZCF	7316-643	7316-643-T-338757.RNA-Seq	50.61	0	13.73	NA
BS_30VC3R2Q	PT_7DTGJYA7	7316-639	7316-639-T-338697.RNA-Seq	50.74	0	17.14	NA
BS_JH29M4KG	PT_0MHKP408	7316-726	7316-726-T-340042.RNA-Seq	35.96	0	18.48	NA
BS_SHMC4902	PT_TPSMT960	7316-400	7316-400-T-290442.RNA-Seq	39.36	0	18.18	NA
BS_KK5C8VCK	PT_WWME595X	7316-245	7316-245-T-232182.RNA-Seq	19.18	0	7.58	NA
BS_JAEM78XS	PT_82MX6J77	7316-2148	7316-2148-T-409241.RNA-Seq	44.01	0	9.91	NA
BS_77317DY4	PT_D7KMPYTZ	7316-2133	7316-2133-T-408231.RNA-Seq	65.93	0.36	11.32	NA
BS_QYPHA40N	PT_3AWKWXEV	7316-85	7316-85-T-61659.RNA-Seq	60.2	0	13.36	NA
BS_34201DKZ	PT_V0X73HEQ	7316-2182	7316-2182-T-425868.RNA-Seq	28.97	0	10.52	NA
BS_C6SKJG3N	PT_XDV8W16W	7316-3751	7316-3751-T-592117.RNA-Seq	41.87	0	11.85	NA
BS_PEP9NZXN	PT_7TEHW6VQ	7316-2755	7316-2755-T-543410.RNA-Seq	50.54	0.01	13.52	NA
BS_90B22NGP	PT_JCECCFPB	7316-479	7316-479-T-347666.RNA-Seq	67.5	0	10.53	NA
BS_JB43XBCQ	PT_1E3E6GMF	A09985	A09985-T.RNA-Seq	16.91	0.02	20.39	NA
BS_479S95Q6	PT_8V3360DR	7316-641	7316-641-T-338727.RNA-Seq	33.79	0	9.91	NA
BS_S6NJRR5W	PT_VTF65Y63	7316-3513	7316-3513-T-576549.RNA-Seq	25.02	0	11.71	NA
BS_HF3RNN2T	PT_DFXQFYPV	7316-2155	7316-2155-T-409344.RNA-Seq	103.96	0.03	18.4	NA
BS_RXN5T5YT	PT_PR4YBBH3	7316-116	7316-116-T-108048.RNA-Seq	25.4	0.13	21.65	NA
BS_1HFK0SXV	PT_2GPH62JS	7316-1775	7316-1775-T-366103.RNA-Seq	43.78	0.03	18.86	NA
BS_JT82QGXF	PT_MSBPMJ56	7316-306	7316-306-T-233158.RNA-Seq	35.11	2.86	19.26	NA
BS_PZVHMSYN	PT_0MJEAART	7316-549	7316-549-T-332057.RNA-Seq	19.52	0.01	13.18	NA
BS_FX2P2WEG	PT_0SPKM4S8	7316-2640	7316-2640-T-475109.RNA-Seq	41.18	0.05	28.04	NA
BS_A7Q8G0Y1	PT_PR4YBBH3	7316-126	7316-126-T-112502.RNA-Seq	46.35	0.25	15.08	NA
BS_BVSW4GTG	PT_DACV00WF	7316-489	7316-489-T-324094.RNA-Seq	68.08	0.08	22.48	NA
BS_YVMEEBKC	PT_DMHFS0HX	7316-3055	7316-3055-T-548356.RNA-Seq	45.29	0	15.94	NA
BS_KDSTG5YY	PT_2CJ31SBX	7316-3624	7316-3624-T-584781.RNA-Seq	40.56	0.65	17.23	NA
BS_R439VVPK	PT_26V72ZXB	7316-3576	7316-3576-T-580540.RNA-Seq	44.93	1.84	33.96	NA
BS_7C40TRCY	PT_NCDHZ8H8	7316-2780	7316-2780-T-513427.RNA-Seq	49	0.44	17.78	NA
BS_470DYRJQ	PT_0EWY6S6S	7316-3491	7316-3491-T-576192.RNA-Seq	34.39	0.01	10.86	NA
BS_XZM79E42	PT_2JDDX6TJ	7316-409	7316-409-T-311476.RNA-Seq	2.55	0.01	18.41	NA
BS_WYG77VVP	PT_DH8A0SNQ	7316-3057	7316-3057-T-548385.RNA-Seq	30.97	0.13	14.48	NA
BS_QW60M0FE	PT_7M2PGCBV	7316-331	7316-331-T-234393.RNA-Seq	31.35	0	13.46	NA
BS_DGTPWJ59	PT_X8SK8120	7316-340	7316-340-T-242343.RNA-Seq	55.87	0	15.15	NA
BS_0VXZCRJS	PT_40HTPY49	7316-466	7316-466-T-323675.RNA-Seq	13.97	0.07	26.76	NA
BS_M026T44Q	PT_BF3PGTF7	7316-1808	7316-1808-T-366759.RNA-Seq	26.42	0	11.48	NA
BS_TCGEZJ5F	PT_W17NV5YG	7316-2106	7316-2106-T-407879.RNA-Seq	43.06	0	15.99	NA
BS_BSV07M7Z	PT_PX4E85V1	7316-1083	7316-1083-T-353489.RNA-Seq	56.88	0.02	21.85	NA
BS_ZA9XT151	PT_WP871F5S	7316-1766	7316-1766-T-365950.RNA-Seq	16.3	0.02	9.02	NA
BS_3EVSN5QD	PT_HXDCHQ9Y	7316-2171	7316-2171-T-425703.RNA-Seq	57.09	0	14.61	NA
BS_1G3WYEN3	PT_TXFYRDP4	7316-193	7316-193-T-201782.RNA-Seq	46.02	0.02	12.32	NA
BS_QXKRN6CR	PT_RM5S859Q	7316-111	7316-111-T-105550.RNA-Seq	37.98	0.09	10.52	NA
BS_ZHHAM3AN	PT_J06X17XH	7316-3628	7316-3628-T-584828.RNA-Seq	39.05	0.08	14.54	NA
BS_4A45GGSW	PT_QJDY4Y9P	7316-562	7316-562-T-336223.RNA-Seq	46.16	0	12.13	NA
BS_53M8PP88	PT_NPETR8RY	7316-1784	7316-1784-T-366255.RNA-Seq	48.09	0.1	20.44	NA
BS_ZVZDDW2G	PT_E3ADF4ZB	7316-2664	7316-2664-T-479169.RNA-Seq	31.97	0	14.63	NA
BS_M85CXHDV	PT_6PP78VNE	7316-1893	7316-1893-T-376986.RNA-Seq	23.04	0	17.23	NA
BS_4D9DD103	PT_9A6RPJ97	7316-906	7316-906-T-345350.RNA-Seq	42.19	0.54	11.85	NA
BS_EMYET8F4	PT_7H67Q7VS	7316-2966	7316-2966-T-534966.RNA-Seq	50.46	0.09	13.77	NA
BS_FEV5A0HN	PT_6SH7PV1N	7316-535	7316-535-T-331790.RNA-Seq	95.42	0	16.93	NA
BS_21RE8W46	PT_VABP80N2	7316-1949	7316-1949-T-389307.RNA-Seq	40.55	0.05	18.92	NA
BS_QRNSKFMS	PT_B5VQ16GW	7316-488	7316-488-T-324077.RNA-Seq	47.94	0	11.06	NA
BS_5AF6ZNJF	PT_02MVZZSW	7316-1702	7316-1702-T-362607.RNA-Seq	43.85	0.02	10.58	NA
BS_1N7MQZGR	PT_NK8A49X5	A14449	A14449-T.RNA-Seq	13.13	0.01	17.52	ATP7A--ATRX
BS_775HDFNY	PT_GCKT4FJX	7316-3919	7316-3919-T-609243.RNA-Seq	43.35	0	19.93	NA
BS_NDRDM2A9	PT_PZVE3FWF	7316-240	7316-240-T-246886.RNA-Seq	37.4	0	12.91	NA
BS_S7CZY2CH	PT_BXXZE0CQ	7316-381	7316-381-T-242851.RNA-Seq	38.3	0	20.52	NA
BS_FKDQJJB5	PT_YFS3AWC0	7316-153	7316-153-T-148480.RNA-Seq	60.58	0.94	26.89	NA
BS_ZXYDSBM9	PT_R63RHJWX	7316-739	7316-739-T-341090.RNA-Seq	43.26	1.02	15.32	NA
BS_JWCX8R17	PT_C4F1HPH5	7316-493	7316-493-T-324164.RNA-Seq	29.32	0	12.31	NA
BS_QB84TBA3	PT_JC4DHFJR	7316-2536	7316-2536-T-465316.RNA-Seq	49.47	0.06	35.79	NA
BS_55P8HPYD	PT_Q25V9Y6M	7316-1668	7316-1668-T-361179.RNA-Seq	48.34	0	16.89	NA
BS_SKGJ5SY9	PT_D1WJ3BJX	7316-358	7316-358-T-242559.RNA-Seq	67.31	0.23	15.59	NA
BS_5965SFPZ	PT_A325EYR2	7316-2557	7316-2557-T-460353.RNA-Seq	53.41	0.01	15.16	NA
BS_NB42PWZN	PT_99S5BPE3	7316-365	7316-365-T-567972.RNA-Seq	63.45	1.88	20.25	NA
BS_V96WVE3Z	PT_H3WWDMW9	7316-2118	7316-2118-T-408035.RNA-Seq	47.77	0.81	26.86	NA
BS_MT15SGJN	PT_99S5BPE3	7316-292	7316-292-T-458270.RNA-Seq	27.88	0.04	7.76	NA
BS_CQEETJ66	PT_NXX0M835	7316-948	7316-948-T-346062.RNA-Seq	42.35	0	16.92	NA
BS_HZ707C55	PT_ZZRBX5JT	7316-2661	7316-2661-T-479125.RNA-Seq	25.37	0	17.61	NA
BS_BPWEFR89	PT_FN4GEEFR	7316-729	7316-729-T-340087.RNA-Seq	61.89	1.31	17.74	NA
BS_ERWT0ZWE	PT_7BJBEBZT	7316-1670	7316-1670-T-361208.RNA-Seq	42.27	0.28	19.71	NA
BS_NR9FRY5T	PT_YDWBWTVN	7316-147	7316-147-T-145943.RNA-Seq	42.85	0	16.71	NA
BS_1NPD7PVG	PT_R9V5R1SY	7316-1940	7316-1940-T-389172.RNA-Seq	35.57	0	17.04	NA
BS_MF9X3PKH	PT_XXZHRPNM	7316-2572	7316-2572-T-463497.RNA-Seq	48.18	0	13.46	NA
BS_TBWYAFSM	PT_625X34JX	7316-2170	7316-2170-T-425688.RNA-Seq	29.56	0	12.12	NA
BS_B8T7M0WV	PT_R1N5M7NH	7316-3557	7316-3557-T-580275.RNA-Seq	35.86	0	12.26	NA
BS_6MZ7FRZH	PT_6BX46NVR	7316-3893	7316-3893-T-608236.RNA-Seq	34.69	0.86	16.97	NA
BS_V72GX2AZ	PT_V07ZH5JS	7316-472	7316-472-T-323777.RNA-Seq	47.14	0	11.09	NA
BS_7B89YR6K	PT_ZZWYKZZ8	7316-2758	7316-2758-T-532832.RNA-Seq	34.83	0.14	13.51	NA
BS_DS438CXE	PT_0DXHDZJR	7316-2857	7316-2857-T-513841.RNA-Seq	48.3	0.01	18.56	NA
BS_60K3EQ9S	PT_2D1KGV99	7316-3151	7316-3151-T-555134.RNA-Seq	36.53	0	15.86	NA
BS_GSVCN2XC	PT_YZ8A8A36	7316-723	7316-723-T-339997.RNA-Seq	59.85	0.04	7.83	NA
BS_F0JB4EAK	PT_KBFM551M	7316-3214	7316-3214-T-A07083.RNA-Seq	11.4	0.05	16.45	NA
BS_46BZ2NNN	PT_41RR5FQD	7316-1115	7316-1115-T-353971.RNA-Seq	20.99	0.36	17.2	NA
BS_PKK3BZRG	PT_PHKSYE6Q	7316-220	7316-220-T-225359.RNA-Seq	72.88	0	5.52	NA
BS_Z6MC4N8D	PT_3PSG2DQT	7316-1111	7316-1111-T-353909.RNA-Seq	34.03	0.01	17.57	NA
BS_PQ7CQFYR	PT_R0M1QBY4	7316-905	7316-905-T-345332.RNA-Seq	21.56	0.01	17.6	NA
BS_Q9V7A95C	PT_1DRAVX4S	7316-1968	7316-1968-T-389592.RNA-Seq	41.59	0.04	14.53	NA
BS_NT9NZYFD	PT_FC0EF5ZT	7316-3572	7316-3572-T-580484.RNA-Seq	33.29	0	9.56	NA
BS_XGSA3GQE	PT_HV6C0T34	7316-3062	7316-3062-T-548455.RNA-Seq	45.82	0	15.3	NA
BS_J1AB8PMA	PT_0WMP712K	7316-922	7316-922-T-345620.RNA-Seq	47.44	2.84	23.01	NA
BS_Z0AVVB1V	PT_SJEG0MKD	7316-146	7316-146-T-145834.RNA-Seq	28.46	0.01	13.22	NA
BS_WV0S8N4M	PT_32J909WM	7316-2688	7316-2688-T-485693.RNA-Seq	46.87	0.1	16.98	NA
BS_Z1A875MW	PT_D9NTSYSC	7316-3064	7316-3064-T-548481.RNA-Seq	48.02	0	15.95	NA
BS_3V3KE3VT	PT_9DMMZ08D	7316-1676	7316-1676-T-361298.RNA-Seq	49.59	0.82	24.38	NA
BS_P0QF87WC	PT_8GN3TQRM	7316-2737	7316-2737-T-506177.RNA-Seq	32.45	0.11	20.39	NA
BS_NRFQEQKP	PT_3RN24N9X	7316-20	7316-20-T-15915.RNA-Seq	48.19	0	16.97	NA
BS_E3EJHXQV	PT_0CE0HFYB	7316-2581	7316-2581-T-463633.RNA-Seq	32.12	0	16.52	NA
BS_M4923M40	PT_MTE126WM	7316-376	7316-376-T-242792.RNA-Seq	50.45	2.39	31.45	NA
BS_XGDPK33A	PT_G16VK7FR	A19649	A19649-T.RNA-Seq	18.67	0.33	26.21	NA
BS_3P20Q2C3	PT_HYXSSCJ5	7316-1088	7316-1088-T-353564.RNA-Seq	64.86	0	14.21	NA
BS_3X9WMZGJ	PT_3VCS1PPF	7316-198	7316-198-T-203902.RNA-Seq	33.35	0.01	12.7	NA
BS_0HW7W7SD	PT_C73C5BBZ	7316-2658	7316-2658-T-479078.RNA-Seq	61.19	0.62	13.37	NA
BS_F8N6CFQE	PT_EZEMVRVT	7316-3154	7316-3154-T-555169.RNA-Seq	41.81	0	16.22	NA
BS_KPT2WPHW	PT_CR2YBSPT	7316-359	7316-359-T-242573.RNA-Seq	36.53	0.01	10.9	NA
BS_ZZMYDZJW	PT_5M8A47WW	7316-436	7316-436-T-313084.RNA-Seq	46.14	0	14.42	NA
BS_JXNZYGCR	PT_3A87PCQK	7316-480	7316-480-T-323911.RNA-Seq	37.21	0.01	12.08	NA
BS_3T6X4BPC	PT_BBHAD51D	7316-1089	7316-1089-T-353579.RNA-Seq	44.26	0.06	18.33	NA
BS_SD8YBRBR	PT_TPDB1WC8	7316-2777	7316-2777-T-513394.RNA-Seq	57.02	13.67	56.44	NA
BS_9F09XV62	PT_C2VY5NM6	7316-875	7316-875-T-344821.RNA-Seq	37.01	0.01	13.78	NA
BS_49F4RAA4	PT_J06X17XH	7316-1649	7316-1649-T-360895.RNA-Seq	26.88	0.05	10.41	NA
BS_C80S5N37	PT_K2YDNZDA	7316-429	7316-429-T-312945.RNA-Seq	42.44	0	9.87	NA
BS_Q5WZYWCT	PT_XHYBZKCX	7316-2972	7316-2972-T-534972.RNA-Seq	57.57	0.02	8.04	NA
BS_MBSTWZA6	PT_9C2G356W	7316-3555	7316-3555-T-580248.RNA-Seq	38.86	0	13.96	NA
BS_BXXJ9P8C	PT_Y97DX151	7316-291	7316-291-T-232977.RNA-Seq	35.97	0	16.61	NA
BS_JS95PE0J	PT_KZ04SDDS	7316-1774	7316-1774-T-366086.RNA-Seq	58.02	0.02	22.35	NA
BS_B24PKKQB	PT_596H0BQF	7316-498	7316-498-T-324254.RNA-Seq	20.04	0	8	NA
BS_MVW01FPB	PT_3KM9W8S8	7316-1771	7316-1771-T-366035.RNA-Seq	57.42	0.31	16.46	NA
BS_TQ5QHR17	PT_M7NFAC5G	7316-2329	7316-2329-T-459425.RNA-Seq	29.61	0	8.62	NA
BS_5VQP0E6K	PT_H6E09982	7316-5	7316-5-T-4578.RNA-Seq	60.29	0.38	9.72	NA
BS_Z7890YNR	PT_99S5BPE3	7316-451	7316-451-T-319868.RNA-Seq	58.36	4.21	17.03	NA
BS_NB9XXBW6	PT_WGVEF96B	A08958	A08958-T.RNA-Seq	17.24	0	20.98	NA
BS_6R7SFVV2	PT_HQ89KPKT	7316-202	7316-202-T-205605.RNA-Seq	44.13	0.07	10.96	NA
BS_T1QMEH1N	PT_EXJAEW1M	7316-188	7316-188-T-173732.RNA-Seq	19.96	0	13.83	NA
BS_3BVVWHP5	PT_JW6FBEFK	7316-3019	7316-3019-T-541118.RNA-Seq	30.32	0	14.67	NA
BS_4SCWT0FX	PT_D3AN5M5W	7316-47	7316-47-T-37601.RNA-Seq	40.8	0.15	18.81	NA
BS_EN2VK7NY	PT_Y572BRC1	7316-2147	7316-2147-T-409224.RNA-Seq	33.36	0	17.93	NA
BS_FCDAH728	PT_KZ56XHJT	A08732	A08732-T.RNA-Seq	19.81	0.12	44.93	NA
BS_8SKZ7BRN	PT_9D2N4S5Z	7316-93	7316-93-T-64876.RNA-Seq	35.24	1.57	57.93	NA
BS_GE2RVZE6	PT_TKWTTRQ7	7316-407	7316-407-T-311454.RNA-Seq	73.99	0.13	26.61	NA
BS_Z9ZS6ZS2	PT_QQ9JGEY9	7316-356	7316-356-T-242537.RNA-Seq	29.26	0	11.19	NA
BS_3F5PR9GS	PT_HM2GMT2H	7316-6	7316-6-T-5002.RNA-Seq	69.15	1.05	18.12	NA
BS_FAVRBEW7	PT_WYVMWYVA	7316-257	7316-257-T-232326.RNA-Seq	23.13	0	6.63	NA
BS_ZRM0W01M	PT_EYZ25B99	7316-470	7316-470-T-323744.RNA-Seq	56.3	0	10.84	NA
BS_VARR255N	PT_W3FSA7NH	7316-3522	7316-3522-T-576658.RNA-Seq	29.62	0	17.29	NA
BS_JMHG7GCN	PT_5CNZ47XV	7316-1926	7316-1926-T-379786.RNA-Seq	45.94	0	14.61	NA
BS_7WM3MNZ0	PT_W5GP3F6B	A16915	A16915-T.RNA-Seq	1.91	0	29.04	NA
BS_TGW6HC4X	PT_X0FPPTMT	7316-280	7316-280-T-232846.RNA-Seq	73.04	0	11.74	NA
BS_23M72ABG	PT_AQWDQW27	7316-523	7316-523-T-331610.RNA-Seq	27.24	0	13.09	NA
BS_64HCD9K3	PT_41BCPB7R	7316-406	7316-406-T-311440.RNA-Seq	36.88	0.12	6.79	NA
BS_4Z2F4P9N	PT_BWGZBVD1	7316-1678	7316-1678-T-361328.RNA-Seq	40.77	0.01	14.68	NA
BS_C83TK159	PT_1AAYYGGY	A14709	A14709-T.RNA-Seq	21.15	0.02	15.9	NA
BS_KF0ZXDER	PT_CX58G6P6	7316-2191	7316-2191-T-426004.RNA-Seq	39.73	0	8.82	NA
BS_DFGS950G	PT_JJ8QNAM8	7316-714	7316-714-T-339862.RNA-Seq	26.15	0.73	22.77	NA
BS_SAA624A4	PT_EG7PH32E	7316-2144	7316-2144-T-409180.RNA-Seq	3.69	0.01	1.1	NA
BS_NPQJ20KX	PT_6MWPJ96F	7316-1711	7316-1711-T-362742.RNA-Seq	32.2	0	15.68	NA
BS_983Z6CA6	PT_3KM9W8S8	7316-3045	7316-3045-T-545925.RNA-Seq	19.59	3.61	13.96	NA
BS_D144EJRQ	PT_V8714N9H	7316-2322	7316-2322-T-458981.RNA-Seq	71.5	0.43	12.97	NA
BS_CS66RYDA	PT_S4YNE17X	7316-3963	7316-3963-T-609858.RNA-Seq	21.42	0	13.93	NA
BS_NGHK9RZP	PT_2SCVQ2N6	7316-3631	7316-3631-T-584865.RNA-Seq	34.62	1.35	20.23	NA
BS_NEVYM2FP	PT_EN2RN5Y1	A17997	A17997-T.RNA-Seq	19.36	0	19.6	NA
BS_401R3KV0	PT_MBAXTJET	7316-275	7316-275-T-232540.RNA-Seq	35.14	0	14.41	NA
BS_VJVDJABP	PT_XX2VW3D9	7316-96	7316-96-T-66155.RNA-Seq	49.33	0.07	15.91	NA
BS_G00FHF3Q	PT_TKWTTRQ7	7316-2971	7316-2971-T-534971.RNA-Seq	80.41	0.02	22.12	NA
BS_MKP2Y41Z	PT_3R0P995B	7316-892	7316-892-T-345110.RNA-Seq	32.24	0	13.82	NA
BS_02NZT8CE	PT_2BJF83GQ	7316-1745	7316-1745-T-365593.RNA-Seq	49.23	0	12.69	NA
BS_M86ECPHK	PT_74XM7BV7	7316-312	7316-312-T-233229.RNA-Seq	53.02	4.48	21.73	NA
BS_1AYRM596	PT_BPKVVWVB	7316-2250	7316-2250-T-435177.RNA-Seq	66.09	0.2	16.51	NA
BS_YG0A13JH	PT_2FVTD0WR	7316-2897	7316-2897-T-542852.RNA-Seq	19.44	0	39.41	NA
BS_9DFBHHB5	PT_KMHGNCNR	7316-944	7316-944-T-345996.RNA-Seq	48.18	0	13.43	NA
BS_5CMGN56B	PT_4ZSR5DY8	7316-264	7316-264-T-232408.RNA-Seq	51.45	0	17.04	NA
BS_399RPKC9	PT_KVMF5TFW	7316-3030	7316-3030-T-541271.RNA-Seq	41.93	0.3	13.84	NA
BS_C05FKR8X	PT_ZWY04DCR	7316-2666	7316-2666-T-479199.RNA-Seq	22.35	0.17	22.98	NA
BS_T1W4JA94	PT_QT9T89S5	7316-297	7316-297-T-233051.RNA-Seq	45.01	0	12.27	NA
BS_42DY6WS7	PT_12JTZFC2	7316-3504	7316-3504-T-576441.RNA-Seq	49.42	0	16.19	NA
BS_RFMQ7T0T	PT_E3Y5BBSF	7316-3071	7316-3071-T-549122.RNA-Seq	39.14	0.03	22.13	NA
BS_KP735TJ6	PT_MSQ6GSVP	7316-2274	7316-2274-T-445151.RNA-Seq	36.07	0.01	15.72	NA
BS_SFKZSJN1	PT_409Y4N1N	7316-84	7316-84-T-61074.RNA-Seq	48.12	0	12.33	NA
BS_TV5B86ZD	PT_9BZETM0M	7316-158	7316-158-T-150593.RNA-Seq	2.2	0	22.51	NA
BS_SDA4RMMG	PT_EW604JB3	7316-1134	7316-1134-T-356677.RNA-Seq	38.6	0	15.81	NA
BS_B1C6GZ84	PT_2QZJ4T95	7316-715	7316-715-T-339877.RNA-Seq	51.92	0.7	21.21	NA
BS_YB2RXRHT	PT_H45M7M2T	7316-3074	7316-3074-T-549156.RNA-Seq	49.92	0.01	13.55	NA
BS_WYERXS4G	PT_46F28BFH	7316-1799	7316-1799-T-366622.RNA-Seq	31.59	0	9.25	NA
BS_ZV9Z3SY6	PT_S3FJSBJT	7316-1794	7316-1794-T-366549.RNA-Seq	40.18	0	14.03	NA
BS_3W07B2TG	PT_HMY997GX	7316-3554	7316-3554-T-580234.RNA-Seq	33.67	0	15.73	NA
BS_70FFPA51	PT_BCWGRGDB	7316-3623	7316-3623-T-584767.RNA-Seq	48.8	0	10.77	NA
BS_Y7F9E2E9	PT_ZZTQQVCT	7316-2723	7316-2723-T-501511.RNA-Seq	36.46	0	9.98	NA
BS_84XCR9GG	PT_CB1DN0V8	7316-2241	7316-2241-T-435060.RNA-Seq	48.52	0.11	13.92	NA
BS_KZPR01BD	PT_3873YK5S	7316-2862	7316-2862-T-513902.RNA-Seq	45.81	0	8.2	NA
BS_NNPEC7W1	PT_59D00MBQ	7316-2810	7316-2810-T-513628.RNA-Seq	33.42	0	17.32	NA
BS_M8M56Z4Y	PT_K30AWQ8A	7316-393	7316-393-T-290301.RNA-Seq	44.84	0	12.96	NA
BS_9FHSNVS0	PT_JV9G8MFD	7316-2269	7316-2269-T-445086.RNA-Seq	112	0.21	37.99	NA
BS_NDN62H0S	PT_124TTG01	7316-1960	7316-1960-T-389473.RNA-Seq	24.3	0.01	10.12	NA
BS_YB07VF1X	PT_HFQNKP5X	7316-2935	7316-2935-T-533986.RNA-Seq	25.48	1.23	13.88	NA
BS_S0175QKX	PT_0NY38X3W	7316-1706	7316-1706-T-362667.RNA-Seq	30.99	0.29	18.87	NA
BS_6M2053M0	PT_RE6AXQM1	A19015	A19015-T.RNA-Seq	11.86	0.03	26.45	NA
BS_EFEZB0ZH	PT_DW6V5V8E	7316-924	7316-924-T-345654.RNA-Seq	35.82	0	13.6	NA
BS_R634WKN7	PT_7JQ24F35	7316-1681	7316-1681-T-361375.RNA-Seq	44.98	0	21.81	NA
BS_10APZRVT	PT_3D74J8RZ	7316-877	7316-877-T-344856.RNA-Seq	36.29	0	11.66	NA
BS_ZH1FBX50	PT_7JQ24F35	7316-1674	7316-1674-T-361270.RNA-Seq	40.55	0.03	8.78	NA
BS_8RHPJ740	PT_ZA95JQEB	7316-384	7316-384-T-280513.RNA-Seq	21.78	0	18.4	NA
BS_GPEGRCCT	PT_YXJQGT69	7316-934	7316-934-T-345825.RNA-Seq	44.09	0	20.06	NA
BS_Q79NP5YY	PT_4Z34K4XB	7316-733	7316-733-T-340147.RNA-Seq	41.49	0	11.24	NA
BS_D4PJYHZ2	PT_9ZY739FB	7316-170	7316-170-T-166510.RNA-Seq	11.44	0	9.56	NA
BS_VNWKNRY4	PT_EB0D3BXG	7316-3311	7316-3311-T-563651.RNA-Seq	100.6	2.21	27.63	NA
BS_CVGFNCBJ	PT_CB9PD1YP	7316-97	7316-97-T-66579.RNA-Seq	30.3	0.01	14.22	NA
BS_GMDQK06Q	PT_FAQWD7GX	7316-2311	7316-2311-T-458838.RNA-Seq	32.12	0	15.18	NA
BS_GM9Y3AZ5	PT_P4GDWHXA	7316-477	7316-477-T-347673.RNA-Seq	5.64	0.01	1.72	NA
BS_S1M423AB	PT_BRTVGGRK	7316-2893	7316-2893-T-514013.RNA-Seq	87.55	1.1	17.06	NA
BS_S71RJ8DH	PT_E6FTW238	7316-3890	7316-3890-T-608200.RNA-Seq	58.91	1.59	17.67	NA
BS_F9WKPDFG	PT_203ZY782	7316-2668	7316-2668-T-479228.RNA-Seq	13.16	0	2.76	NA
BS_39CGACC7	PT_CBAYDRF9	7316-1675	7316-1675-T-361285.RNA-Seq	27.99	0	9.46	NA
BS_4BWB0FA0	PT_EXYXBDGP	7316-3140	7316-3140-T-551166.RNA-Seq	30.58	0	14.39	NA
BS_81SP2HX4	PT_XA98HG1C	7316-931	7316-931-T-345775.RNA-Seq	46.05	0.52	22.42	NA
BS_DVCQ8XDZ	PT_0RN3VSXZ	7316-3073	7316-3073-T-549145.RNA-Seq	36.72	0	10.94	NA
BS_RD4D5F9F	PT_NTEKMKTX	7316-1650	7316-1650-T-360908.RNA-Seq	62.55	0.32	23.21	NA
BS_1607397Q	PT_7VSY72EK	7316-1855	7316-1855-T-373251.RNA-Seq	53.96	60.95	52.08	NA
BS_0VRSD9V3	PT_3WA7SBQ6	7316-2248	7316-2248-T-475745.RNA-Seq	50.72	0.01	8.24	NA
BS_4FZS7TX4	PT_NPETR8RY	7316-160	7316-160-T-151455.RNA-Seq	37.05	0	13.42	NA
BS_7XRN3CFX	PT_3T3VGWC6	7316-375	7316-375-T-242779.RNA-Seq	34.61	0.01	15.32	NA
BS_CXVJK2FY	PT_CYVVA9AB	7316-3299	7316-3299-T-563485.RNA-Seq	20.46	0.12	19.05	NA
BS_F4E8R9VY	PT_8ECE2D92	7316-914	7316-914-T-345486.RNA-Seq	39.28	0	13.26	NA
BS_G1Y281HX	PT_P1290MMP	7316-125	7316-125-T-112078.RNA-Seq	22.5	0.06	10.41	NA
BS_CTR5X93B	PT_XNMKQ4MR	7316-2006	7316-2006-T-391850.RNA-Seq	48.96	0	12.85	NA
BS_GV3NZ9QD	PT_N4PR21ME	7316-330	7316-330-T-234381.RNA-Seq	40.08	0	11.27	NA
BS_QNAQGAV6	PT_XCX9W17B	7316-16	7316-16-T-9566.RNA-Seq	41.32	0.01	10.7	NA
BS_RCC8BXVE	PT_WWZ2Q14R	7316-3138	7316-3138-T-551141.RNA-Seq	53.47	0.01	14.71	NA
BS_ZR96A4FH	PT_E546ZRXA	7316-952	7316-952-T-346132.RNA-Seq	31.04	0.01	7.4	NA
BS_8GW1TMV2	PT_GR8P8NY5	7316-178	7316-178-T.RNA-Seq	38.18	0.36	19.66	NA
BS_XJTW0P8P	PT_6DB7B9WV	7316-3317	7316-3317-T-563737.RNA-Seq	64.83	0	11.24	NA
BS_W4H1D4Y6	PT_X7HC5YCY	7316-255	7316-255-T-232300.RNA-Seq	20.75	0.62	35.6	NA
BS_3MS8WVNR	PT_AP658JQV	7316-519	7316-519-T-331550.RNA-Seq	23.46	0.02	22.49	NA
BS_9755PSCS	PT_KBA2VNA2	7316-2249	7316-2249-T-435163.RNA-Seq	26.24	0	14.58	ATRX--ATP7A
BS_SQX5E15Z	PT_1N6ATKJS	7316-2725	7316-2725-T-501541.RNA-Seq	47.14	0	17.81	NA
BS_M8WP5T16	PT_02J5CWN5	7316-2989	7316-2989-T-534989.RNA-Seq	29.86	0	14.52	NA
BS_7FWZ518S	PT_SBP79T7F	7316-315	7316-315-T-247130.RNA-Seq	71	0.42	11.85	NA
BS_QHS3V0GP	PT_NESAQHB1	7316-3844	7316-3844-T-602450.RNA-Seq	73.3	1.03	42.38	NA
BS_QWTE1CWR	PT_1H2REHT2	7316-3022	7316-3022-T-541161.RNA-Seq	15.21	0	21.12	NA
BS_AM70R8RG	PT_PABK01H0	7316-1669	7316-1669-T-361193.RNA-Seq	61.86	1.56	25.41	NA
BS_M1PVEHCM	PT_KBDP8ZCR	7316-1889	7316-1889-T-378474.RNA-Seq	37.97	0	12.7	NA
BS_YY5B2XDD	PT_1KEER2Q1	7316-460	7316-460-T-323574.RNA-Seq	32.98	0	14.61	NA
BS_B7GEH89C	PT_H57TEQDT	7316-2324	7316-2324-T-459010.RNA-Seq	33.77	0	16.32	NA
BS_9BJARSX3	PT_41QYPSGV	7316-884	7316-884-T-344976.RNA-Seq	28.15	0	16.62	NA
BS_5PJCHF6V	PT_Q90R6M3E	7316-897	7316-897-T-345197.RNA-Seq	85.96	0.09	12.88	NA
BS_0Y66ZBWE	PT_V2F0865M	7316-642	7316-642-T-338742.RNA-Seq	54.26	0	16.23	NA
BS_4PWDGEB0	PT_FF0NV7ZM	7316-716	7316-716-T-339892.RNA-Seq	17.17	0	14.43	NA
BS_X4DD4KSZ	PT_A06JR0E5	A17096	A17096-T.RNA-Seq	21.97	0.19	23.54	NA
BS_6NTXGQAC	PT_9AHA6KW3	7316-395	7316-395-T-567984.RNA-Seq	28.77	0.01	9.99	NA
BS_3NWQXPQV	PT_0DWRY9ZX	7316-2221	7316-2221-T-431206.RNA-Seq	74.12	0.16	20.5	NA
BS_92MT680S	PT_98QMQZY7	7316-2724	7316-2724-T-501526.RNA-Seq	11.76	0	5.25	NA
BS_JX7S9MY7	PT_B0JFCN5W	7316-1773	7316-1773-T-366068.RNA-Seq	21.7	0.02	11.8	NA
BS_MA2T7ET1	PT_1Z015H6V	7316-3516	7316-3516-T-576585.RNA-Seq	23.01	0	14.91	NA
BS_H4B5Y6S0	PT_QYEF3JAT	7316-1460	7316-1460-T-357618.RNA-Seq	48.2	0.26	15.4	NA
BS_0QYS36NR	PT_V3Q78E6F	7316-455	7316-455-T-323488.RNA-Seq	19.72	0.01	14.5	NA
BS_4C4MZ4NT	PT_A9F8Y6MA	7316-476	7316-476-T-323843.RNA-Seq	32.17	0	22.9	NA
BS_PQ6QEVE8	PT_RGX23JFP	7316-156	7316-156-T-149745.RNA-Seq	31.52	0	13.94	NA
BS_RGPSEMHC	PT_3A2Q62RD	7316-2243	7316-2243-T-435084.RNA-Seq	37.96	0	11.24	NA
BS_NQFH3GZH	PT_6PYNBA9C	7316-853	7316-853-T-344664.RNA-Seq	50.2	0.08	8.66	NA
BS_PN2CE34A	PT_54MH6Q46	7316-2591	7316-2591-T-463781.RNA-Seq	40.44	0.19	33.51	NA
BS_Y3G1X98S	PT_7M2PGCBV	7316-3312	7316-3312-T-563666.RNA-Seq	34.65	0	13.67	NA
BS_3F4FQJMR	PT_8RB7TPS2	7316-3	7316-3-T-3730.RNA-Seq	32.51	0.01	10.34	NA
BS_BWBDH9GM	PT_JNEV57VK	7316-3058	7316-3058-T-548405.RNA-Seq	27.16	0	21.77	NA
BS_ZVWE73JZ	PT_59D00MBQ	7316-1936	7316-1936-T-386237.RNA-Seq	40.05	0	17.7	NA
BS_77CDMEY4	PT_HKWE1GCK	7316-259	7316-259-T-232350.RNA-Seq	26.39	0	18.94	NA
BS_8Z3SCKB5	PT_66XN3MT1	7316-936	7316-936-T-345860.RNA-Seq	44.62	0	18.46	NA
BS_E3BAT4C1	PT_F3S9PB94	7316-2240	7316-2240-T-431401.RNA-Seq	52.01	0.12	15.5	NA
BS_H1XPVS9A	PT_T8V9ES93	7316-1106	7316-1106-T-353836.RNA-Seq	48.77	0	21.61	NA
BS_QZFEB94Q	PT_25Z2NX27	7316-355	7316-355-T-242524.RNA-Seq	25.57	0	9.07	NA
BS_AGS1HHGF	PT_HN0AXSZ0	7316-1103	7316-1103-T-353789.RNA-Seq	37.37	0	11.72	NA
BS_6T4JGBGY	PT_218SX3G4	7316-529	7316-529-T-331700.RNA-Seq	32.3	0.03	13.29	NA
BS_T2QPMZCM	PT_6VJ5PNKS	7316-2174	7316-2174-T-425750.RNA-Seq	51.28	0	14.36	NA
BS_7BW0YRPY	PT_0T2EWNYR	7316-1981	7316-1981-T-389787.RNA-Seq	50.8	0.31	20.3	NA
BS_4CP4T22V	PT_9HMVHQEH	7316-22	7316-22-T-16756.RNA-Seq	88.12	0.17	18.94	NA
BS_MWWZBQ60	PT_VCD0W8HG	7316-2756	7316-2756-T-508176.RNA-Seq	33.6	0	16.45	NA
BS_B9V8RGTA	PT_J50NZYZF	7316-956	7316-956-T-346200.RNA-Seq	50.47	0.55	16.07	NA
BS_4Y6BCYK5	PT_N9SG16EC	7316-1958	7316-1958-T-389443.RNA-Seq	28.19	0	15.39	NA
BS_59ZJWJTF	PT_3AWKWXEV	7316-85	7316-85-T-61659.RNA-Seq	19.86	0	18.15	NA
BS_W60RQAKK	PT_CSZ9QA1N	7316-371	7316-371-T-291950.RNA-Seq	52.27	0	17.34	NA
BS_QKT3TJVK	PT_8VRZRZ7R	7316-536	7316-536-T-331805.RNA-Seq	25.65	0.01	39.97	NA
BS_S6Q7NKA3	PT_9S6WMQ92	7316-333	7316-333-T-242260.RNA-Seq	38.56	0.76	26.49	NA
BS_XQYHPBFS	PT_AZQ230WT	7316-443	7316-443-T-317223.RNA-Seq	38.86	0	12.37	NA
BS_ME3HKN2C	PT_3WA1XB8G	7316-70	7316-70-T-55031.RNA-Seq	50.28	0	11.1	NA
BS_TDEFAPNH	PT_GYJ97915	7316-1093	7316-1093-T-353639.RNA-Seq	35.83	0.07	10.46	NA
BS_AKRHBPNZ	PT_3NM45TQ8	7316-1077	7316-1077-T-353400.RNA-Seq	38.87	0.01	11.66	NA
BS_X59HSFGG	PT_CB1XPA3W	7316-1767	7316-1767-T-365967.RNA-Seq	37.5	0.01	19.62	NA
BS_XHCYEE2S	PT_NEB4WEAT	7316-3020	7316-3020-T-541133.RNA-Seq	35.53	0	18.71	NA
BS_WCRKYV0T	PT_GVDMG7KC	7316-152	7316-152-T-148056.RNA-Seq	43.31	0.06	9.67	NA
BS_H1ZS5FMZ	PT_MXK5R7RJ	7316-1055	7316-1055-T-351283.RNA-Seq	54.92	0.08	20.69	NA
BS_HHPA8NJ2	PT_QW5VW2PY	7316-313	7316-313-T-233241.RNA-Seq	59.49	1.14	13.11	NA
BS_6VPKXXMR	PT_6PP78VNE	7316-1893	7316-1893-T.RNA-Seq	14.95	0.02	25.94	NA
BS_VNE0ZPBS	PT_F9F3E8YR	7316-3519	7316-3519-T-576624.RNA-Seq	30.78	0.07	11.98	NA
BS_CHDGRYHJ	PT_82MX6J77	7316-302	7316-302-T-233109.RNA-Seq	34.76	0.6	22.84	NA
BS_KM2EX0K6	PT_PAW18EK3	7316-1948	7316-1948-T-389292.RNA-Seq	64.44	0	15.36	NA
BS_0ZA67BBC	PT_VPEMAQBN	A12748	A12748-T.RNA-Seq	16.56	0.01	25.93	NA
BS_E054DFJN	PT_7T13FDWK	7316-1082	7316-1082-T-353474.RNA-Seq	19.16	0	12.91	NA
BS_TAHV8N04	PT_KCTZZA3G	7316-216	7316-216-T-225313.RNA-Seq	39.34	0	14.61	NA
BS_D5P6EZ1M	PT_WVAJN6WR	7316-456	7316-456-T-323505.RNA-Seq	46.53	0	15.73	NA
BS_7327SDAQ	PT_7WT6P5M8	7316-2308	7316-2308-T-458799.RNA-Seq	12.75	0	23.59	NA
BS_QNNX91SM	PT_CSKHQB16	A14567	A14567-T.RNA-Seq	23.27	0.39	24.59	NA
BS_1HQ76V6D	PT_WE1CHTWK	7316-87	7316-87-T-62332.RNA-Seq	51.13	0	14.96	NA
BS_ET8CJXSF	PT_VGXHFMND	7316-1643	7316-1643-T-360803.RNA-Seq	68.4	0	12.43	NA
BS_QF5VVZX5	PT_CGWPWSXM	7316-2005	7316-2005-T-391836.RNA-Seq	47.32	0.02	9.6	NA
BS_JXF8A2A6	PT_EHE800JJ	7316-229	7316-229-T-247963.RNA-Seq	46.49	0.29	21.95	NA
BS_2EMW8ZG3	PT_FFRHWB74	7316-932	7316-932-T-345792.RNA-Seq	33.26	0	11.73	NA
BS_YEW22W35	PT_9N0SR1D7	7316-249	7316-249-T-232228.RNA-Seq	16.17	0.02	24.42	NA
BS_49BQS7Z6	PT_HNZNZ635	7316-2151	7316-2151-T-409284.RNA-Seq	33.96	0	13.65	NA
BS_GS1KR5PK	PT_CXT81GRM	7316-1772	7316-1772-T-366051.RNA-Seq	36.63	3.16	12.72	NA
BS_R6WNEEE4	PT_EGGY1XC0	7316-2865	7316-2865-T-513937.RNA-Seq	59.9	0.08	20.83	NA
BS_KYF0Q0E7	PT_5FR2YA6E	7316-109	7316-109-T-104702.RNA-Seq	49.14	0.43	12.95	NA
BS_S2TA8R29	PT_4A2H0KNR	7316-2599	7316-2599-T-467328.RNA-Seq	41.55	0.08	15.19	NA
BS_FRZ76GEG	PT_2BTC5TEN	7316-2183	7316-2183-T-425884.RNA-Seq	41.12	0	18.74	NA
BS_9HA238XS	PT_X84SD608	7316-497	7316-497-T-324238.RNA-Seq	37.5	0	12.06	NA
BS_5JM573JC	PT_6Q0NPVP3	7316-2255	7316-2255-T-435241.RNA-Seq	18.62	0.21	9.36	NA
BS_B741RZY9	PT_ZS2YDFBE	7316-2860	7316-2860-T-513878.RNA-Seq	35.25	0	10.07	NA
BS_HZRM07TW	PT_EDWA0XTP	7316-670	7316-670-T-339182.RNA-Seq	18.08	0.3	15.92	NA
BS_X16PENSA	PT_50ZFWMZE	7316-1942	7316-1942-T-389204.RNA-Seq	40.98	0.01	15.13	NA
